tag_combo,count
UNK = : 20418483
addr:* = : 15079536
building = yes: 5068772
building:* = : 3030993
building = house: 2892103
name = : 2196980
highway = service: 1849898
addr:state = CA: 1469792
highway = residential: 898863
addr:state = MD: 867976
highway = footway: 687768
surface = asphalt: 648464
oneway = yes: 600382
access = private: 579150
building = residential: 529832
service = driveway: 480626
roof:shape = gabled: 366065
service = parking_aisle: 353549
addr:state = NC: 309788
highway = crossing: 307132
building = detached: 296704
building = apartments: 289752
natural = tree: 279622
ref = : 279563
footway = sidewalk: 275154
waterway = stream: 230684
crossing = : 203389
barrier = gate: 201533
operator = : 197020
highway = secondary: 172560
footway = crossing: 168019
lanes = : 167611
highway = tertiary: 159265
surface = concrete: 158411
highway = turning_circle: 150700
landuse = residential: 150615
power = pole: 148519
highway = primary: 140071
crossing = unmarked: 139974
highway = stop: 131812
highway = track: 114092
highway = path: 108304
amenity = parking: 106718
turn = : 101665
crossing = marked: 99201
bicycle = yes: 98170
barrier = fence: 93194
bicycle = no: 92333
maxspeed = 25_mph: 90642
surface = paved: 89628
intermittent = yes: 88318
foot = yes: 79510
lit = yes: 78961
oneway = no: 78476
natural = wood: 76183
layer = 1: 75798
building = commercial: 74632
turn:lanes = : 73810
highway = street_lamp: 72779
crossing = traffic_signals: 71484
landuse = grass: 69994
highway = traffic_signals: 69211
brand:* = : 67211
building = retail: 67205
bus = yes: 66869
hgv = designated: 66540
building = terrace: 66433
leisure = swimming_pool: 64729
power = line: 63756
cycleway = lane: 63639
crossing = uncontrolled: 62766
maxspeed = 35_mph: 62448
leisure = pitch: 61882
access = customers: 60594
layer = -1: 60510
amenity = parking_space: 59585
building = garage: 59262
power = tower: 57776
direction = forward: 54509
kerb = lowered: 54316
bridge = yes: 53005
barrier = kerb: 52285
maxspeed = 45_mph: 51935
direction = backward: 51848
public_transport = platform: 51663
natural = water: 51527
building = industrial: 50870
highway = bus_stop: 49714
cycleway:right = lane: 49257
maxspeed = 40_mph: 47774
highway = motorway: 47528
parking = surface: 47112
sidewalk = both: 46534
service = alley: 46334
highway = motorway_link: 46217
tactile_paving = yes: 45135
bicycle = designated: 44911
highway = cycleway: 43467
sidewalk = no: 42855
roof = : 41961
highway = unclassified: 41477
railway = rail: 41348
surface = unpaved: 40298
network = : 39989
destination = : 37952
maxspeed = : 37928
railway = : 36861
surface = dirt: 36729
foot = designated: 36403
building = shed: 36048
hgv = : 33638
building = school: 32913
maxspeed = 65_mph: 32781
leaf_type = broadleaved: 32686
motor_vehicle = no: 32046
tunnel = culvert: 31887
maxspeed = 30_mph: 31853
access = yes: 31827
noexit = yes: 31674
traffic_signals = : 31523
wheelchair = yes: 31394
power = generator: 28544
maxspeed = 55_mph: 28187
horse = no: 27695
natural = scrub: 27616
leisure = park: 27422
generator:source = solar: 27155
generator:method = photovoltaic: 26581
generator:type = solar_photovoltaic_panel: 26561
landuse = farmland: 26512
frequency = 60: 26439
old_ref = : 26339
tactile_paving = no: 25714
house = terraced: 25433
emergency = fire_hydrant: 25273
generator:output:* = : 25115
foot = no: 25015
golf = tee: 24665
golf = bunker: 24636
area = yes: 24356
amenity = restaurant: 24207
roof:shape = flat: 23743
building = warehouse: 23591
sidewalk = right: 23262
payment:* = : 23038
traffic_calming = bump: 22812
landuse = retail: 22656
landuse = commercial: 22585
amenity = bench: 22581
waterway = ditch: 21643
amenity = school: 21625
access = no: 21382
building = roof: 21275
entrance = yes: 20864
wires = single: 20849
cycleway:both = no: 20683
lit = no: 20535
segregated = no: 20305
highway = steps: 19821
access = permissive: 19482
maxspeed = 15_mph: 19433
maxspeed = 50_mph: 19235
covered = no: 19171
barrier = wall: 18948
natural = sand: 18654
man_made = pier: 18632
name:etymology = : 18600
public_transport = stop_position: 18329
traffic_calming = hump: 18206
landuse = industrial: 18117
crossing:markings = zebra: 18110
boundary = administrative: 17937
power = minor_line: 17906
shelter = no: 17505
takeaway = yes: 17466
leisure = garden: 17040
highway = trunk: 16970
waterway = drain: 16864
leisure = playground: 16853
fee = no: 16775
amenity = fast_food: 16742
usage = main: 16638
building = static_caravan: 16473
service = drive-through: 16154
sport = tennis: 16025
covered = yes: 15462
leaf_cycle = deciduous: 15393
religion = christian: 15343
location = roof: 14619
location = underground: 14537
waterway = river: 14444
amenity = place_of_worship: 14414
traffic_sign = stop: 14257
hov = : 14233
golf = cartpath: 14221
golf = hole: 13728
landuse = meadow: 13479
natural = grassland: 13385
leisure = picnic_table: 13280
sport = basketball: 13197
fire_hydrant:type = pillar: 12947
surface = ground: 12796
man_made = pipeline: 12765
service = spur: 12735
railway = level_crossing: 12434
parking:lane = : 12333
railway = switch: 12227
tunnel = yes: 12224
service = yard: 11794
cycleway = shared_lane: 11669
sport = baseball: 11554
surface = gravel: 11178
golf = green: 10994
amenity = bicycle_parking: 10781
expressway = yes: 10723
smoothness = good: 10664
man_made = manhole: 10429
landuse = orchard: 10308
lane_markings = no: 10284
leaf_cycle = evergreen: 10244
golf = fairway: 10152
kerb = flush: 10122
species = : 10027
location = outdoor: 9792
operator:type = public: 9670
access = destination: 9615
frequency = 0: 9498
access = : 9425
building = carport: 9409
contact:* = : 9365
cycleway:right = : 9256
water = pond: 9236
junction = : 9147
sidewalk = separate: 9035
smoothness = excellent: 9015
highway = pedestrian: 8709
barrier = bollard: 8680
residential = single_family: 8663
highway = primary_link: 8652
usage = industrial: 8613
man_made = storage_tank: 8608
layer = : 8607
building = semidetached_house: 8408
wires = double: 8403
surface = paving_stones: 8229
barrier = hedge: 8154
amenity = waste_basket: 8141
leisure = nature_reserve: 8071
manhole = drain: 7945
barrier = retaining_wall: 7753
disused:* = : 7744
residential = apartments: 7672
sidewalk = : 7595
natural = wetland: 7376
tracktype = grade3: 7373
crossing = zebra: 7349
denotation = urban: 7341
electrified = contact_line: 7220
shelter = yes: 7158
incline = up: 7150
highway = motorway_junction: 7121
sidewalk:right = separate: 7089
surface = grass: 7071
aeroway = taxiway: 7067
sidewalk:both = separate: 7066
office = yes: 6983
amenity = fuel: 6957
railway = abandoned: 6915
amenity = parking_entrance: 6868
roof:orientation = across: 6832
building = service: 6814
place = neighbourhood: 6784
natural = tree_row: 6699
maxspeed = 70_mph: 6600
tracktype = grade2: 6584
usage = transmission: 6538
amenity = cafe: 6523
maxspeed = 10_mph: 6479
highway = turning_loop: 6384
motor_vehicle = private: 6330
waterway = canal: 6292
tunnel = building_passage: 6219
landuse = farmyard: 6194
indoor = yes: 6119
note:* = : 6025
water = basin: 5994
amenity = toilets: 5923
shop = convenience: 5906
amenity = shelter: 5879
road_marking = solid_stop_line: 5860
toll = yes: 5853
maxspeed = 20_mph: 5809
informal = yes: 5771
motor_vehicle = yes: 5764
admin_level = 8: 5588
cycleway:right = shared_lane: 5584
highway = secondary_link: 5557
fee = yes: 5491
incline = down: 5464
light = : 5458
parking:both = no: 5320
seamark:* = : 5311
tourism = information: 5278
cycleway:right = no: 5275
cycleway:left = no: 5232
bicycle_parking = stands: 5216
parking = multi-storey: 5142
name:signed = no: 5117
railway = light_rail: 5112
drive_through = yes: 5098
change = : 5059
amenity = post_box: 5046
ford = yes: 4974
cycleway:both = lane: 4968
sidewalk = left: 4967
landuse = construction: 4963
amenity = bank: 4936
leaf_type = needleleaved: 4924
substance = gas: 4887
building = garages: 4869
entrance = home: 4861
toll = : 4856
junction = roundabout: 4830
natural = coastline: 4810
wheelchair = no: 4810
boundary = protected_area: 4782
sport = soccer: 4739
cuisine = burger: 4729
crop = grape: 4728
highway = construction: 4706
landuse = vineyard: 4706
genus = : 4705
entrance = main: 4690
building = office: 4660
footway = access_aisle: 4646
landuse = religious: 4584
power = transformer: 4583
demolished:* = : 4554
bin = yes: 4496
internet_access = wlan: 4495
railway = crossing: 4483
building = church: 4447
construction:* = : 4429
shop = supermarket: 4388
hgv = no: 4368
railway = subway: 4366
shop = beauty: 4339
shop = hairdresser: 4275
tourism = hotel: 4271
electrified = rail: 4263
railway = disused: 4256
roof:shape = hipped: 4219
man_made = bridge: 4213
highway = give_way: 4207
landuse = forest: 4163
shop = car_repair: 4103
man_made = mast: 4076
surface = wood: 4046
building = hotel: 3996
shop = clothes: 3987
access = permit: 3941
check_date:* = : 3919
surface = compacted: 3893
highway = bridleway: 3815
generator:solar:tracking = no: 3801
water = river: 3799
material = concrete: 3761
cycleway = crossing: 3756
cuisine = mexican: 3728
place = hamlet: 3698
cycleway = no: 3695
indoor = room: 3660
tourism = artwork: 3606
maxspeed = 60_mph: 3589
tracktype = grade1: 3566
natural = shrub: 3562
highway = trunk_link: 3545
capacity:* = : 3522
maxspeed = 79_mph: 3516
maxspeed = 5_mph: 3500
parking_space = disabled: 3468
service = emergency_access: 3467
amenity = drinking_water: 3433
outdoor_seating = yes: 3423
parking:* = : 3418
surface = sand: 3416
power = substation: 3411
leaf_type = mixed: 3403
denotation = avenue: 3398
leisure = golf_course: 3343
bin = no: 3328
proposed:* = : 3305
toilets:* = : 3295
admin_level = 6: 3291
maxheight = : 3284
service = siding: 3247
traffic_sign = maxspeed: 3229
smoothness = bad: 3210
dog = leashed: 3200
building = university: 3177
cuisine = pizza: 3168
man_made = tower: 3151
natural = bare_rock: 3150
amenity = fountain: 3133
diet:* = : 3128
tracktype = grade4: 3089
surveillance = : 3077
cuisine = coffee_shop: 3075
atm = yes: 3073
tower:type = communication: 3062
kerb = raised: 3053
drive_through = no: 3050
barrier = lift_gate: 3023
landuse = recreation_ground: 3016
aeroway = parking_position: 2998
tower:type = lighting: 2979
tourism = picnic_site: 2971
water = reservoir: 2971
natural = heath: 2913
construction = residential: 2840
leisure = sports_centre: 2821
railway = signal: 2797
cycleway:left = lane: 2790
sport = golf: 2788
man_made = flagpole: 2787
building:use = warehouse: 2779
locked = yes: 2774
smoothness = very_bad: 2751
surface = concrete:plates: 2739
foot = permissive: 2718
parking:both = lane: 2712
hgv = yes: 2688
horse = designated: 2673
house = detached: 2671
substance = water: 2647
smoking = no: 2640
man_made = utility_pole: 2634
water_source = main: 2628
place = locality: 2626
building = farm_auxiliary: 2611
wetland = marsh: 2601
boundary = national_park: 2593
heritage = : 2578
flag = : 2573
amenity = dentist: 2568
parking = street_side: 2562
man_made = works: 2555
heritage = 2: 2541
heritage:operator = nrhp: 2516
landuse = cemetery: 2513
historic = : 2495
building = : 2482
healthcare = dentist: 2472
highway = proposed: 2444
golf = rough: 2437
leaf_cycle = mixed: 2430
delivery = yes: 2428
fuel:* = : 2419
highway = tertiary_link: 2392
content = water: 2355
cuisine = sandwich: 2346
usage = branch: 2313
fire_hydrant:position = green: 2296
foot = private: 2287
leisure = fitness_centre: 2286
maxheight = default: 2277
traffic_calming = island: 2277
mtb:scale = : 2275
smoothness = intermediate: 2269
ramp = no: 2248
cycleway:right:lane = exclusive: 2247
abandoned:* = : 2240
barrier = yes: 2233
lcn = yes: 2231
shop = car: 2224
mtb = : 2210
amenity = fire_station: 2185
building = hospital: 2177
parking:both = : 2174
building = construction: 2159
communication:* = : 2153
emergency = yes: 2151
cycleway = : 2148
bicycle = dismount: 2128
trolley_wire = yes: 2123
office = company: 2122
maxspeed:type = sign: 2116
man_made = surveillance: 2112
is_in = : 2109
access = unknown: 2074
power = portal: 2058
bridge = : 2057
information = board: 2055
amenity = vending_machine: 2054
amenity = waste_disposal: 2048
crossing_ref = zebra: 2048
leisure = outdoor_seating: 2038
bicycle = permissive: 2024
building = college: 2014
power = catenary_mast: 1984
amenity = bar: 1975
highway = corridor: 1969
sidewalk:both = : 1968
railway = buffer_stop: 1966
boundary = census: 1963
tourism = motel: 1962
outdoor_seating = no: 1960
motorcar = no: 1932
landuse = brownfield: 1929
wheelchair = limited: 1914
leisure = bleachers: 1907
amenity = post_office: 1904
railway = platform: 1877
line = busbar: 1863
sport = swimming: 1863
planned:* = : 1859
barrier = chain: 1859
motorcycle = no: 1858
operator:type = government: 1846
cycleway:right = track: 1842
cuisine = chinese: 1839
internet_access = : 1819
amenity = pharmacy: 1815
name = Starbucks: 1814
power = cable: 1806
healthcare = pharmacy: 1803
indoor = door: 1796
cuisine = american: 1774
information = guidepost: 1772
floating = yes: 1764
barrier = guard_rail: 1761
tourism = attraction: 1760
bicycle = private: 1760
fire_hydrant:position = sidewalk: 1737
shop = department_store: 1734
shop = storage_rental: 1729
man_made = street_cabinet: 1724
shop = alcohol: 1703
man_made = petroleum_well: 1703
old_railway_operator = Southern: 1695
amenity = clinic: 1688
leisure = track: 1681
tracktype = grade5: 1681
sport = four_square: 1679
amenity = car_wash: 1673
building = parking: 1672
aeroway = hangar: 1671
amenity = charging_station: 1669
tourism = camp_pitch: 1661
basin = infiltration: 1656
shelter_type = picnic_shelter: 1641
subject = : 1637
odbl = clean: 1636
landuse = quarry: 1598
embankment = yes: 1596
waste = trash: 1576
golf = water_hazard: 1564
name = 7-Eleven: 1558
natural = peak: 1548
placement = transition: 1547
amenity = atm: 1544
power = cable_distribution_cabinet: 1534
shop = mobile_phone: 1528
cyclestreet = yes: 1517
dog = no: 1505
recycling:* = : 1503
healthcare = clinic: 1501
destination:ref = : 1494
building = greenhouse: 1484
power = switch: 1483
sport = american_football: 1477
golf = path: 1458
railway = stop: 1456
service = crossover: 1456
aeroway = holding_position: 1450
opening_hours:* = : 1442
amenity = library: 1441
building = hangar: 1437
substance = sewage: 1437
amenity = social_facility: 1419
cuisine = chicken: 1418
motor_vehicle = destination: 1417
historic = memorial: 1412
waterway = dam: 1406
amenity = community_centre: 1405
plant:output:* = : 1381
indoor = wall: 1379
abutters = residential: 1377
parking:condition = : 1361
power = plant: 1351
barrier = block: 1342
playground = structure: 1341
man_made = wastewater_plant: 1338
aeroway = aerodrome: 1323
cycleway = track: 1319
not:* = : 1319
office = government: 1318
toilets = yes: 1312
amenity = ice_cream: 1305
emergency = phone: 1295
landuse = railway: 1291
old_railway_operator = PRR: 1291
shelter_type = public_transport: 1281
shop = dry_cleaning: 1252
wires = triple: 1241
bicycle = : 1238
amenity = bbq: 1237
protect_class = 5: 1234
amenity = grave_yard: 1233
shop = variety_store: 1233
residential = trailer_park: 1228
sport = beachvolleyball: 1218
change:lanes = : 1218
name = McDonald's: 1216
service:vehicle:* = : 1215
genus = Acer: 1211
type = : 1204
amenity = hospital: 1185
noname = yes: 1183
artwork_type = sculpture: 1182
cycleway:both:lane = exclusive: 1180
natural = bay: 1179
oneway:bicycle = yes: 1177
tidal = yes: 1170
was:* = : 1170
amenity = theatre: 1168
shop = bakery: 1164
healthcare = hospital: 1164
oneway = reversible: 1159
sidewalk:left = separate: 1146
website:* = : 1144
place = suburb: 1137
name = Subway: 1136
aeroway = runway: 1132
barrier = swing_gate: 1131
service:bicycle:* = : 1129
tourism = viewpoint: 1129
man_made = survey_point: 1126
landcover = grass: 1124
man_made = embankment: 1117
train = yes: 1092
pseudo = yes: 1092
segregated = yes: 1091
aeroway = helipad: 1086
public_transport = station: 1083
water = stream: 1075
placement = right_of:1: 1073
layer = 0: 1063
building = barn: 1061
shop = gift: 1059
natural = beach: 1057
dispensing = yes: 1053
shop = car_parts: 1051
footway = traffic_island: 1046
traffic_calming = table: 1039
admin_level = 9: 1032
cycleway:both = shared_lane: 1030
building = storage_tank: 1030
amenity = bicycle_rental: 1021
cutting = yes: 1019
building = outbuilding: 1018
cycleway:left = : 1014
shop = furniture: 1008
sport = running: 1007
placement = : 1006
man_made = silo: 1005
cycleway:left = shared_lane: 998
amenity = doctors: 996
shop = yes: 993
vehicle = no: 992
natural = mountain_range: 990
parking = underground: 982
highway = elevator: 981
tower:construction = freestanding: 977
building = factory: 976
landuse = basin: 969
water = lake: 967
oneway = -1: 964
sport = fitness: 957
tourism = museum: 956
landuse = military: 954
building = dormitory: 954
generator:source = wind: 953
natural = ridge: 950
shop = laundry: 947
office = insurance: 946
amenity = recycling: 945
shop = jewelry: 945
parking:right = : 941
cuisine = italian: 934
cycleway:both = : 933
office = estate_agent: 931
leisure = dog_park: 931
sidewalk:right = : 927
sport = multi: 926
highway = living_street: 922
building = civic: 922
basin = retention: 921
aeroway = apron: 920
shop = chemist: 920
street_cabinet = power: 918
plant:source = solar: 918
substation = distribution: 915
healthcare = : 914
abandoned:railway = rail: 910
generator:method = wind_turbine: 906
natural = cliff: 901
golf = lateral_water_hazard: 899
wetland = saltmarsh: 898
tourism = camp_site: 890
building:prefabricated = yes: 883
bridge:structure = beam: 882
plant:method = photovoltaic: 880
amenity = college: 875
usage = military: 874
leisure = fitness_station: 870
playground = hopscotch: 868
denomination = catholic: 866
socket:* = : 860
amenity = veterinary: 859
surface = artificial_turf: 857
man_made = planter: 855
golf = pin: 855
disused:railway = level_crossing: 854
sport = equestrian: 852
healthcare = doctor: 851
landuse = landfill: 850
leaf_type = palm: 846
roller_coaster = track: 839
amenity = police: 839
marker = post: 837
man_made = monitoring_station: 837
historic = yes: 837
genus = Tilia: 834
cuisine = japanese: 826
flag:type = national: 824
drink:* = : 821
landuse = plant_nursery: 820
landuse = flowerbed: 818
sport = volleyball: 812
old_railway_operator = SP: 811
waterway = pressurised: 809
shop = vacant: 808
place = islet: 806
sidewalk:right = no: 805
amenity = pub: 802
maxspeed = 14_mph: 801
amenity = university: 799
natural = valley: 794
surface = fine_gravel: 792
amenity = kindergarten: 790
amenity = public_bookcase: 786
shop = shoes: 783
office = lawyer: 774
aeroway = gate: 773
wall = noise_barrier: 772
shop = doityourself: 772
admin_level = 10: 768
disused = yes: 764
location = overground: 764
barrier = jersey_barrier: 763
man_made = water_tower: 760
artwork_type = mural: 759
parking:right = lane: 758
protect_class = 6: 758
utility = power: 757
shop = pet: 757
shelter_type = gazebo: 753
cuisine = tex-mex: 752
man_made = cutline: 751
female = yes: 751
man_made = breakwater: 749
leisure = firepit: 748
amenity = loading_dock: 748
foot = destination: 736
building = public: 735
motorcar = yes: 733
railway = proposed: 731
internet_access = yes: 726
motorcycle = yes: 721
sport = tetherball: 721
lane_markings = yes: 718
construction = house: 716
shop = copyshop: 715
fence_type = railing: 712
oneway:bicycle = no: 711
sport = athletics: 710
overtaking = no: 704
voltage = : 702
residential = detached: 699
aeroway = jet_bridge: 696
access = designated: 692
shop = mall: 690
cuisine = sushi: 683
railway = station: 682
attraction = water_slide: 681
smoothness = horrible: 680
railway:signal = : 679
parking = lane: 678
holding_position:type = runway: 675
surface = earth: 673
basin = detention: 669
old_railway_operator = AT&SF: 665
cuisine = thai: 663
dog = yes: 661
internet_access = no: 656
cuisine = vietnamese: 656
manufacturer = : 656
historic = ruins: 655
building = silo: 648
recycling_type = container: 647
sport = softball: 646
artwork_type = statue: 642
usage = tourism: 640
railway = razed: 639
building = stable: 638
highway = platform: 633
generator:type = horizontal_axis: 633
wetland = swamp: 633
shop = optician: 633
traffic_calming = dip: 632
shop = massage: 631
building = ruins: 631
junction = spui: 630
building = government: 626
location:transition = yes: 625
cycleway:right = separate: 618
water = wastewater: 616
information = map: 608
parking:left = no: 606
landuse = greenfield: 605
railway = construction: 603
opening_hours:signed = no: 602
leisure = slipway: 597
advertising = billboard: 597
shop = sports: 597
healthcare = alternative: 593
shop = : 591
railway = miniature: 588
building = grandstand: 585
tram = yes: 582
vending = parking_tickets: 581
handrail = : 576
amenity = cinema: 574
piste:* = : 574
social_facility:for = senior: 574
indoor = area: 571
cuisine = asian: 571
memorial = plaque: 570
communication = line: 569
cuisine = ice_cream: 569
leisure = marina: 569
supervised = yes: 567
cuisine = bubble_tea: 566
shop = tobacco: 566
cuisine = indian: 565
highway = busway: 562
barrier = entrance: 562
traffic_sign = : 559
cycleway = separate: 556
shop = florist: 555
board_type = history: 553
entrance = service: 552
water = canal: 550
leisure = stadium: 544
area = no: 543
currency:* = : 541
building = houseboat: 541
denotation = agricultural: 539
place = quarter: 539
mooring = yes: 535
surface = woodchips: 534
amenity = car_rental: 534
fixme = : 526
cuisine = seafood: 526
shop = books: 523
amenity = childcare: 523
maxspeed = 8_mph: 522
playground:* = : 521
sport = pickleball: 520
shop = bicycle: 518
highway = raceway: 514
leisure = schoolyard: 511
nohousenumber = yes: 508
telecom:medium = fibre: 505
landuse = education: 503
seamark:type = harbour: 502
bridge = boardwalk: 500
denomination = jehovahs_witness: 500
amenity = letter_box: 499
place = island: 497
tower:construction = lattice: 496
historic = building: 496
cuisine = donut: 494
telecom = data_center: 494
natural = stone: 493
content = fuel: 490
roof:shape = pyramidal: 489
isced:level = 1: 489
office = tax_advisor: 486
aerialway = pylon: 484
type = boundary: 484
old_railway_operator = SAL: 480
golf = driving_range: 478
amenity = townhall: 476
shop = tyres: 473
shop = garden_centre: 471
owner = : 471
area:highway = traffic_island: 469
name = Burger_King: 469
smoking = outside: 464
place = city: 459
seamark:harbour:category = marina: 459
wetland = wet_meadow: 459
natural = grass: 454
usage = irrigation: 454
religion = none: 453
man_made = chimney: 452
natural = scree: 450
tourism = apartment: 450
religion = jewish: 447
traffic_calming = cushion: 446
barrier = toll_booth: 445
construction = service: 439
man_made = reservoir_covered: 438
sport = skateboard: 437
natural = shrubbery: 434
wheelchair = designated: 431
line = bay: 429
cycleway:left = track: 428
smoothness = very_horrible: 428
population:* = : 427
maxspeed = 90_mph: 421
utility = sewerage: 420
parking:lane:right = : 420
construction = yes: 420
amenity = dojo: 419
drinking_water = no: 419
vending = excrement_bags: 417
route = ferry: 417
building = kindergarten: 414
natural = reef: 414
door = : 412
roof:orientation = along: 412
historic = monument: 407
minspeed = : 406
bus = : 404
military = bunker: 403
abandoned = yes: 403
maxweight:signed = no: 403
shop = electronics: 401
shop = bed: 401
parking:left = : 400
transformer = main: 400
seamark:type = obstruction: 391
place = village: 389
building = bunker: 389
railway = subway_entrance: 388
surface = brick: 388
shop = cosmetics: 386
golf = : 384
amenity = whirlpool: 384
sport = motor: 384
shop = hardware: 383
fixme = position_estimated: 383
highway = priority: 382
amenity = bicycle_repair_station: 381
generator:method = combustion: 381
piste:type = downhill: 380
disused:railway = rail: 379
substation = minor_distribution: 377
denomination = mormon: 376
amenity = prison: 372
seamark:type = beacon_lateral: 372
seamark:light:character = Fl: 370
substation = transmission: 370
protect_class = 1b: 369
entrance = exit: 367
private = employees: 367
railway = tram: 365
ownership = private: 359
waterway = dock: 359
fixme = continue: 358
amenity = marketplace: 356
natural = desert: 356
cemetery = sector: 354
seamark:type = mooring: 354
vehicle = private: 353
waterway = tidal_channel: 353
amenity = telephone: 353
place = town: 352
landuse = allotments: 350
informal = no: 348
second_hand = only: 348
tourism = gallery: 347
railway = tram_stop: 346
fountain = bubbler: 345
area = : 345
healthcare:speciality = chiropractic: 344
cuisine = wings: 344
amenity = bus_station: 343
highway = mini_roundabout: 343
amenity = studio: 343
name = Wendy's: 342
playground = slide: 341
station = light_rail: 339
name = KFC: 339
traffic_calming = rumble_strip: 339
shop = craft: 338
aeroway = navigationaid: 337
hov = yes: 337
railway = milestone: 336
waterway = weir: 334
building = data_center: 333
name = The_Church_of_Jesus_Christ_of_Latter-day_Saints: 332
landuse = village_green: 330
cycleway:right = share_busway: 328
sport = american_handball: 326
office = it: 326
drinking_water = yes: 326
cycleway:left = separate: 324
changing_table = no: 323
hazard = school_zone: 323
amenity = prep_school: 322
building = farm: 321
railway = railway_crossing: 320
authentication:* = : 320
locked = no: 320
wetland = tidalflat: 319
driveway = pipestem: 318
landuse = reservoir: 317
attraction = animal: 317
cuisine = korean: 316
man_made = pumping_station: 315
shop = stationery: 315
dist = : 314
healthcare = optometrist: 314
toilets:access = customers: 314
ramp = : 314
man_made = water_works: 311
tactile_paving = incorrect: 308
amenity = events_venue: 308
cuisine = mediterranean: 307
plant:method = combustion: 307
clothes = women: 307
shop = wholesale: 306
residential = urban: 305
theatre:type = amphi: 305
second_hand = yes: 303
level = : 300
construction = light_rail: 300
smoothness = impassable: 298
switch = circuit_breaker: 298
craft = brewery: 298
shop = tattoo: 298
destroyed:* = : 297
shop = charity: 297
automated = yes: 296
waste = dog_excrement: 295
private = residents: 295
construction = cycleway: 295
natural = spring: 293
seasonal = yes: 293
emergency = lifeguard: 292
generator:source = gas: 292
social_facility = assisted_living: 290
construction = minor: 288
man_made = charge_point: 286
building = cabin: 286
aeroway = taxilane: 286
shop = paint: 286
landcover = trees: 285
military = office: 285
language:* = : 284
junction = yes: 284
construction = motorway: 284
garden:type = residential: 283
sport = climbing: 282
shop = houseware: 281
amenity = bus_stop: 281
leisure = horse_riding: 280
wheelchair = : 279
center_turn_lane = yes: 279
shop = pastry: 279
office = educational_institution: 277
shop = confectionery: 277
fire_hydrant:position = lane: 276
natural = rock: 275
irrigated = no: 274
shop = cannabis: 274
route = bicycle: 273
residential = condominium: 271
parking:right = no: 271
man_made = gantry: 270
sport = shooting: 269
bus:lanes = : 269
sport = boules: 269
managed = yes: 268
social_facility = nursing_home: 268
waterway = brook: 267
crossing:whistle = optional: 266
busway = lane: 266
railway = tram_level_crossing: 266
footway = link: 265
bicycle_parking = wall_loops: 264
location = surface: 263
utility = telecom: 262
entrance = emergency: 262
access = residents: 262
leisure = common: 260
residential = rural: 260
attraction = roller_coaster: 258
maxspeed = 125_mph: 258
highway = trailhead: 257
leisure = dance: 257
emergency = defibrillator: 256
waterway = waterfall: 255
bridge = viaduct: 252
parking:left = lane: 251
shop = nutrition_supplements: 250
indoor = corridor: 249
surface = tartan: 249
entrance = garage: 249
cuisine = barbecue: 248
shop = art: 248
shop = antiques: 246
healthcare = physiotherapist: 244
psv = yes: 244
seamark:type = pile: 243
tourism = caravan_site: 243
emergency = designated: 240
wall = brick: 240
utility = gas: 240
shop = deli: 240
amenity = arts_centre: 238
shop = second_hand: 237
maxspeed:hgv = : 237
designation = public_bridleway: 237
emergency = water_tank: 236
amenity = table: 236
network = rcn: 236
cuisine = steak_house: 236
plant:source = gas: 236
shop = interior_decoration: 235
generator:type = gas_turbine: 234
path = crossing: 234
changing_table = yes: 233
construction = tertiary: 231
religion = buddhist: 230
dock = floating: 230
navigationaid = als: 229
building = fire_station: 229
man_made = courtyard: 228
fixme = name: 228
abutters = retail: 227
information = office: 226
motor_vehicle = : 226
sport = yoga: 225
isced:level = 3: 224
natural = shingle: 224
seamark:type = buoy_lateral: 224
surface = sett: 224
shop = pet_grooming: 224
wall = concrete_block: 223
dual_carriageway = yes: 223
highway = passing_place: 222
vending = public_transport_tickets: 222
roof:shape = skillion: 221
line_management = split: 221
cuisine = frozen_yogurt: 220
alt_name = : 220
railway = tram_crossing: 220
pipeline = substation: 220
basin = stormwater: 219
taxon:family = Arecaceae: 219
sidewalk:left = : 218
shop = trade: 217
landuse = salt_pond: 217
amenity = clock: 215
place = plot: 215
surface = metal: 215
building = hut: 214
landuse = institutional: 214
office = security: 213
building = bungalow: 212
leisure = amusement_arcade: 212
traffic_calming = yes: 212
industrial = depot: 212
historic = district: 211
maxspeed = 110_mph: 211
crossing = no: 210
entrance = staircase: 210
building = toilets: 210
barrier = sliding_gate: 210
information = route_marker: 210
busway:right = lane: 210
social_facility = group_home: 209
maxspeed = 25: 209
man_made = water_tap: 208
amenity = nightclub: 208
vending = newspapers: 207
construction = apartments: 207
traffic_sign = city_limit: 206
amenity = social_centre: 206
emergency = fire_alarm_box: 205
shop = video_games: 205
footway = : 204
entrance = shop: 204
traffic_calming = choker: 204
social_facility = : 204
denotation = landmark: 204
historic = aircraft: 203
seamark:light:colour = red: 201
construction = rail: 201
golf = clubhouse: 200
shop = tailor: 200
line_management = branch: 199
shop = money_lender: 199
shop = musical_instrument: 198
shop = funeral_directors: 198
seasonal = no: 198
office = association: 197
office = accountant: 197
cycleway:left:lane = exclusive: 196
object:* = : 196
playground = funnel_ball: 196
emergency = siren: 195
traffic_sign = US:R1-1: 195
room = classroom: 195
building = religious: 194
amenity = post_depot: 194
seamark:beacon_lateral:colour = red: 193
shop = wine: 193
leisure = sports_hall: 193
amenity = motorcycle_parking: 192
generator = : 192
roof:shape = gambrel: 192
crop = corn: 191
seamark:beacon_lateral:category = port: 190
trees = orange_trees: 189
seamark:light:colour = green: 189
shop = rental: 187
hazmat = no: 186
board_type = welcome_sign: 184
aeroway = terminal: 184
highway = toll_gantry: 182
railway = spur_junction: 182
artwork_type = installation: 182
recycling_type = centre: 181
natural = hill: 181
building = train_station: 181
amenity = courthouse: 181
shop = kiosk: 181
foot = use_sidepath: 180
telecom = exchange: 180
craft = winery: 179
busway:left = lane: 178
religion = muslim: 178
disc_golf = hole: 178
railway = monorail: 178
sport = horseshoes: 176
shop = ticket: 176
office = ngo: 176
name = Costco: 176
cuisine = hot_dog: 176
office = financial: 176
leaf_cycle = semi_evergreen: 174
dataset = buildings: 174
protect_class = 1a: 174
cuisine = bagel: 174
craft = caterer: 174
office = financial_advisor: 173
industrial = oil: 173
shop = toys: 173
craft = electronics_repair: 172
office = research: 172
old_name = : 171
seamark:beacon_lateral:category = starboard: 171
flag:type = regional: 171
playground = tetherball: 170
leisure = hot_tub: 170
healthcare = yes: 169
building:levels = : 169
leaf_type = leafless: 168
seamark:beacon_lateral:colour = green: 168
shelter_type = sun_shelter: 167
man_made = antenna: 167
official_name = : 166
protect_class = 4: 166
area:highway = footway: 166
artist = : 166
amenity = music_school: 166
highway = speed_camera: 166
historic = tomb: 165
railway = narrow_gauge: 165
protect_class = 22: 164
isced:level = 2: 164
class = : 164
seamark:type = beacon_special_purpose: 163
boat = yes: 163
shop = greengrocer: 163
junction = uncontrolled: 161
shop = appliance: 161
junction = circular: 161
industrial = port: 161
building = mobile_home: 160
playground = map: 160
cemetery = grave: 160
parking = rooftop: 160
craft = hvac: 159
ramp = yes: 159
amenity = taxi: 159
man_made = crane: 158
cuisine = french: 158
residential = university: 157
aerialway:* = : 157
man_made = goods_conveyor: 156
surface = pebblestone: 156
construction = footway: 156
microbrewery = yes: 156
isced:level = 0: 155
building = transportation: 155
leisure = bowling_alley: 155
emergency = fire_extinguisher: 154
shop = party: 154
shop = butcher: 154
surface = bricks: 154
shop = hairdresser_supply: 153
amenity = shower: 153
expressway = no: 152
amenity = research_institute: 151
oneway = : 151
disc_golf = tee: 151
athletics = long_jump: 150
seamark:mooring:category = dolphin: 149
amenity = weighbridge: 149
waterway = derelict_canal: 148
cuisine = greek: 147
shop = kitchen: 146
attraction = amusement_ride: 146
seamark:type = small_craft_facility: 146
parking:lane:left = : 145
noaddress = yes: 145
tourism = theme_park: 144
amenity = animal_boarding: 143
substance = oil: 142
beacon = : 142
construction = motorway_link: 142
office = architect: 141
shop = carpet: 141
biotic_reef = : 140
destination:lanes = : 140
industrial = shipyard: 140
removed:* = : 140
seamark:mooring:category = buoy: 140
office = property_management: 140
shop = pawnbroker: 139
social_facility = food_bank: 139
amenity = food_court: 139
government = transportation: 138
shop = music: 138
amenity = ticket_validator: 137
barrier = turnstile: 137
railway:position = : 137
construction = secondary: 137
maxspeed = 75_mph: 136
abutters = industrial: 136
studio = video: 136
continuous_sidewalk = yes: 135
transformer = distribution: 135
motorroad = no: 134
shop = travel_agency: 134
substation = industrial: 134
pipeline = valve: 133
holding_position:type = intermediate: 133
club = sport: 133
seamark:buoy_lateral:shape = pillar: 132
craft = plumber: 132
building = guardhouse: 132
surface = clay: 131
social_facility = outreach: 131
shop = outdoor: 130
private = yes: 130
roof:shape = many: 130
vending = drinks: 130
barrier = handrail: 130
aerialway = chair_lift: 130
man_made = cooling: 129
amenity = public_building: 129
railway = junction: 129
entrance = secondary: 128
healthcare = laboratory: 128
psv:lanes = : 128
playground = sandpit: 128
ferry = yes: 126
station = subway: 126
cycleway:right:oneway = no: 126
healthcare = counselling: 126
disc_golf = basket: 126
seamark:beacon_lateral:shape = stake: 125
man_made = tunnel: 125
aeroway = stopway: 125
building = pavilion: 124
landuse = garages: 124
barrier = cycle_barrier: 124
changing_table = : 124
amenity = lounger: 123
tourism = guest_house: 123
building = no: 123
surface = rubber: 123
surface = acrylic: 123
psv = designated: 122
industrial = scrap_yard: 122
wall = seawall: 122
historic = heritage: 121
amenity = animal_shelter: 120
place = square: 119
bridge = movable: 119
aerodrome = : 119
surface = : 118
utility = water: 118
emergency = assembly_point: 118
cuisine = kebab: 118
natural = mud: 118
admin_level = 4: 117
seamark:type = fairway: 116
access = delivery: 115
highway = milestone: 115
barrier = height_restrictor: 114
razed:* = : 114
shop = computer: 114
tower:construction = guyed_lattice: 114
barrier = cattle_grid: 114
sport = funnel_ball: 114
surface = cobblestone: 114
shop = farm: 114
healthcare:speciality = orthodontics: 113
roof:shape = dome: 113
bridge:support = pier: 113
line_attachment = suspension: 113
motor_vehicle = forestry: 112
highway = services: 112
man_made = water_well: 112
cuisine = regional: 112
line_management = transpose: 111
seamark:topmark:colour = green: 111
seamark:topmark:colour = red: 111
community_centre = : 111
lanes:psv = : 111
military = airfield: 111
tomb = mausoleum: 111
craft = signmaker: 111
amenity = trolley_bay: 111
ford = stepping_stones: 110
canoe = : 110
shop = flooring: 110
railway = derail: 110
service = slipway: 110
roof:shape = round: 109
lifeguard = tower: 109
social_facility = shelter: 109
playground = climbingframe: 109
man_made = dyke: 109
mapillary = : 108
shop = medical_supply: 108
climbing:* = : 108
allotments = plot: 107
social_facility:for = homeless: 106
government = administrative: 105
amenity = compressed_air: 105
meadow = pasture: 105
aerialway = station: 105
parking:orientation = perpendicular: 105
embankment = dyke: 105
seamark:buoy_lateral:colour = green: 104
cocktails = yes: 104
leisure = water_park: 104
shop = e-cigarette: 104
amenity = parcel_locker: 103
building = bridge: 103
seamark:beacon_lateral:shape = pile: 102
kerb = : 102
location = overhead: 102
cycleway = asl: 101
shop = frame: 101
seamark:buoy_lateral:category = port: 101
indoor = level: 101
parking:both = street_side: 101
office = employment_agency: 101
seamark:buoy_lateral:category = starboard: 100
seamark:buoy_lateral:colour = red: 100
landuse = civic_admin: 100
historic = cannon: 100
location = indoor: 100
fountain = decorative: 98
leisure = miniature_golf: 98
shop = swimming_pool: 97
sport = karting: 97
man_made = satellite_dish: 97
seamark:conspicuity = conspicuous: 97
highway = rest_area: 96
utility = oil: 96
shop = beverages: 96
cuisine = ramen: 96
parking_space = charging: 95
landuse = greenhouse_horticulture: 95
memorial = war_memorial: 94
office = consulting: 94
denomination = evangelical: 94
usage = spillway: 94
shop = coffee: 93
amenity = money_transfer: 93
generator:type = steam_turbine: 93
natural = cave_entrance: 93
craft = photographer: 93
access = discouraged: 92
tunnel = : 92
athletics = shot_put: 92
craft = cleaning: 92
wall = dry_stone: 92
playground = splash_pad: 91
industrial = warehouse: 91
building = chapel: 91
building = sports_centre: 91
boules = bocce: 90
barrier = ditch: 90
tourism = zoo: 90
industrial = refinery: 89
emergency = life_ring: 89
name = Walmart: 89
man_made = mineshaft: 89
boundary = political: 88
baseball = infield: 88
barrier = spikes: 88
resource = aggregate: 87
admin_level = 7: 87
military = checkpoint: 87
traffic_calming = chicane: 87
sport = chess: 87
cycleway = sidewalk: 87
historic = house: 87
heritage = 8: 87
shop = locksmith: 87
amenity = watering_place: 87
barrier = log: 87
water = lagoon: 86
access = employees: 86
parking:condition:right = : 86
garden:type = botanical: 86
amenity = payment_terminal: 86
shop = water: 86
shop = photo: 85
bus = no: 85
landuse = farm: 85
atm = no: 85
shop = motorcycle: 85
waterway = lock_gate: 85
shelter_type = pavilion: 85
healthcare = rehabilitation: 84
destination:street = : 84
cuisine = noodle: 84
clothes = wedding: 83
healthcare:speciality = paediatrics: 83
athletics = pole_vault: 83
man_made = groyne: 83
natural = saddle: 82
amenity = ferry_terminal: 82
fee = : 82
start_date = 2023: 82
townhall:type = city: 82
seamark:type = gate: 81
flag:type = advertising: 81
motorroad = yes: 81
parking:condition:both = : 81
surface = hard_court: 81
railway = funicular: 80
amenity = car_sharing: 80
cycleway = share_busway: 80
amenity = nursing_home: 80
bridge = aqueduct: 80
opening_hours = closed: 79
maritime = yes: 79
beauty = spa: 79
taxon = : 79
sport = pilates: 79
shop = bag: 79
shop = tea: 78
leisure = resort: 78
surface = decoturf: 77
office = telecommunication: 77
surface = rock: 77
vehicle = yes: 77
memorial = statue: 77
historic = boundary_stone: 77
second_hand = no: 76
seamark:light:colour = white: 76
healthcare = dialysis: 76
leisure = parklet: 76
office = coworking: 75
healthcare:speciality = psychiatry: 75
building = stadium: 75
parking:right = street_side: 75
shop = grocery: 75
protect_class = 2: 74
sport = motocross: 74
amenity = driving_school: 74
religion = hindu: 74
amenity = training: 74
healthcare = psychotherapist: 74
sport = cycling: 74
psv = no: 74
surface = grass_paver: 74
attraction = maze: 74
shop = seafood: 74
office = advertising_agency: 73
diet:meat = yes: 73
seamark:type = rock: 73
ruins = yes: 73
craft = gardener: 73
museum = history: 72
man_made = cross: 72
building = tent: 72
holding_position:type = ILS: 72
shop = fashion_accessories: 72
maxspeed = 12_mph: 72
maxspeed = 30: 72
runway = displaced_threshold: 72
barrier = rope: 72
plant:type = combined_cycle: 72
airmark = beacon: 72
wall = concrete: 72
historic = fort: 71
building = synagogue: 71
shop = shoe_repair: 71
inlet = kerb_opening: 71
shop = erotic: 71
vehicle = : 70
service:vehicle:tyres = yes: 70
shop = boutique: 70
cooling:method = mechanical_draft: 70
cuisine = dessert: 70
cycleway:both = separate: 70
leisure = ice_rink: 70
amenity = ranger_station: 70
line_attachment = anchor: 69
shop = watches: 69
barrier = planter: 69
shop = collector: 69
seamark:type = wreck: 68
parking:both = on_kerb: 68
tourism = hostel: 68
trailblazed = symbols: 68
hazard = : 67
landuse = animal_keeping: 67
man_made = telescope: 67
surface = stone: 67
maxspeed = 40: 67
advertising = column: 67
tower:construction = dish: 67
sport = shuffleboard: 67
line = substation: 67
highway = speed_display: 67
industrial = factory: 67
craft = electrician: 67
heritage = 4: 66
man_made = obelisk: 66
railway = yard: 66
shop = psychic: 66
roof:shape = half-hipped: 66
sport = field_hockey: 66
lgbtq = primary: 65
barrier = stile: 65
tower:type = observation: 65
sport = billiards: 65
line_management = termination: 65
seamark:type = buoy_special_purpose: 65
fire_hydrant:type = wall: 65
boundary = aboriginal_lands: 65
office = religion: 65
shop = herbalist: 65
oneway:bus = no: 64
natural = strait: 64
sport = ice_skating: 64
industrial = petroleum_terminal: 64
sport = batting_cage: 64
seamark:type = cable_area: 64
seamark:type = shoreline_construction: 64
seamark:topmark:shape = cylinder: 64
sport = 10pin: 64
hazard = animal_crossing: 64
fire_hydrant:position = parking_lot: 64
office = therapist: 64
lock = yes: 63
aeroway = aircraft_crossing: 63
office = construction_company: 63
content = sewage: 63
healthcare:speciality = general: 63
type = multipolygon: 63
substation = generation: 63
vending = fuel: 63
advertising = totem: 63
crossing = informal: 62
shop = games: 62
wetland = reedbed: 62
craft = roofer: 62
construction = path: 62
abutters = mixed: 62
parking:left = street_side: 61
advertising = sign: 61
shop = telecommunication: 61
shop = fabric: 61
maxspeed = 250_mph: 61
tower:type = bell_tower: 60
tower:type = siren: 60
social_facility = day_care: 60
passing_places = no: 60
leisure = disc_golf_course: 60
sport = disc_golf: 60
shop = weapons: 59
footway = yes: 59
man_made = column: 59
seats = : 59
aeroway = windsock: 59
surface = stepping_stones: 59
seamark:fog_signal = : 59
shop = newsagent: 59
shop = health_food: 58
dog = unleashed: 58
architect = : 58
type = public_transport: 58
culvert = box: 58
sport = archery: 58
wood = : 57
bridge:structure = arch: 57
water = drain: 57
seamark:light:character = Q: 57
shop = chocolate: 57
military = base: 57
seamark:topmark:shape = cone,_point_up: 56
sport = lacrosse: 56
route = hiking: 56
man_made = beacon: 56
seamark:light:visibility = part_obscured: 56
amenity = mist_spraying_cooler: 56
craft = metal_construction: 56
sport = cricket: 56
fire_hydrant:* = : 56
healthcare:speciality = plastic_surgery: 55
historic = manor: 55
damage:* = : 55
building = temple: 55
surface = mud: 55
man_made = bioswale: 55
construction = unclassified: 55
railway = signal_box: 54
natural = cape: 54
building = water_tower: 54
building = container: 54
leisure = fishing: 53
man_made = compass_rose: 53
shop = repair: 53
passenger = no: 53
office = diplomatic: 53
construction = subway: 53
office = moving_company: 53
substation = traction: 52
playground = playhouse: 52
access = public: 52
military_service = army: 52
craft = glaziery: 52
seamark:topmark:shape = square: 52
power = compensator: 52
shop = general: 52
route = mtb: 52
sport = horse_racing: 52
religion = unitarian_universalist: 52
crossing = island: 51
bridge:structure = truss: 51
residential = terrace: 51
healthcare:speciality = dermatology: 51
shop = tiles: 51
line_management = transition: 51
seamark:topmark:shape = rhombus: 51
marker = paddle: 51
fitness_station = horizontal_bar: 51
industrial = distributor: 51
amenity = conference_centre: 51
cuisine = beef_bowl: 51
attraction = carousel: 51
amenity = vehicle_inspection: 50
waterway = artificial: 50
craft = shoemaker: 50
amenity = casino: 50
amenity = monastery: 50
content = oil: 50
craft = window_construction: 50
plant:source = coal: 50
seamark = beacon: 50
shop = country_store: 50
delivery:* = : 50
amenity = boat_rental: 49
military_service = navy: 49
diplomatic = consulate: 49
studio = television: 49
construction = monorail: 49
old_name:etymology = : 49
transformer = generator: 49
advertising = board: 48
zoo = enclosure: 48
bicycle_parking = shed: 48
leisure = summer_camp: 48
crane:type = portal_crane: 48
shop = hearing_aids: 48
isced = : 47
sport = gymnastics: 47
name = BMO: 47
railway = preserved: 47
amenity = dressing_room: 47
maxspeed = 18_mph: 47
service = : 47
landuse = aquaculture: 47
building = kiosk: 47
narrow = yes: 46
military = range: 46
heritage = 6: 46
buoy = : 46
seamark:type = bridge: 46
direction = anticlockwise: 46
frontage_road = yes: 46
office = newspaper: 46
shop = window_blind: 46
craft = floorer: 46
amenity = vacuum_cleaner: 46
seamark = buoy: 45
street_lamp = : 45
healthcare:speciality = ophthalmology: 45
shop = boat: 45
maxspeed = 15: 45
office = bail_bond_agent: 45
waste = recycling: 45
cuisine = pasta: 45
office = engineer: 45
historic = archaeological_site: 45
leaf_cycle = semi_deciduous: 44
hazard = curve: 44
footway = path: 44
sport = taekwondo: 44
industrial = gas: 44
man_made = advertising: 44
electronics_repair = phone: 44
amenity = waste_transfer_station: 44
craft = upholsterer: 44
maxspeed = 45: 44
shelter_type = weather_shelter: 43
historic = ship: 43
leisure = bandstand: 43
railway = dismantled: 43
location = underwater: 43
usage = facility: 43
shop = perfumery: 43
bbq = yes: 43
plant:source = hydro: 43
building = boathouse: 43
barrier = wedge: 43
company = aerospace: 42
seamark:buoy_lateral:shape = conical: 42
shelter_type = pergola: 42
wall = stone: 42
tomb = columbarium: 42
studio = audio: 42
sport = bowls: 42
building = tower: 41
office = charity: 41
information = terminal: 41
roller_coaster = station: 41
sport = racquet: 41
craft = builder: 41
diet:kosher = yes: 41
exit = emergency: 41
emergency = ambulance_station: 41
type = route: 41
tourism = yes: 40
embedded_rails = tram: 40
service = repair: 40
leisure = escape_game: 40
inlet = kerb_grate: 40
seamark:buoy_special_purpose:shape = can: 40
amenity = binoculars: 40
seamark:topmark:colour_pattern = border: 40
sport = orienteering: 40
geological = outcrop: 40
sport = table_tennis: 40
artwork_type = painting: 40
power = converter: 40
bridge = covered: 39
vending = sweets: 39
sport = miniature_golf: 39
construction = primary: 39
seamark:light:character = F: 39
seamark:buoy_lateral:shape = can: 39
shop = lighting: 39
house = terrace: 39
military_service = coast_guard: 39
fast_food = cafeteria: 39
bridge:structure = suspension: 39
plant:type = solar_photovoltaic_panel: 39
maxspeed = 100_mph: 39
amenity = stripclub: 39
leisure = indoor_play: 38
cycleway:lane = exclusive: 38
sport = badminton: 38
military = barracks: 38
service = pipestem: 38
culvert = pipe: 38
leisure = recreation_ground: 38
headlight = required: 37
aerodrome:type = international: 37
outdoor_seating = patio: 37
access = official: 37
athletics = discus_throw: 37
denotation = natural_monument: 37
trees = olive_trees: 37
flag:type = military: 37
building = mosque: 37
sport = boxing: 36
building = central_office: 36
vending = food: 36
maxspeed = none: 36
consulate = consulate_general: 36
maxspeed = implicit: 36
area:highway = trunk: 36
studio = radio: 36
healthcare:speciality = nephrology: 36
artwork_type = bust: 36
sport = model_aerodrome: 36
psv = : 36
seamark:type = landmark: 35
shop = vacuum_cleaner: 35
office = notary: 35
building = supermarket: 35
amenity = bureau_de_change: 35
craft = pottery: 35
flag:type = municipal: 35
building = ship: 35
surface = concrete:lanes: 35
trade = building_supplies: 35
camp_site = basic: 35
crop = rice: 35
restriction = : 35
sport = paintball: 35
product = beer: 35
navigationaid = papi: 35
sport = free_flying: 35
man_made = windmill: 34
sport = futsal: 34
construction = trunk_link: 34
camp_pitch = : 34
wetland = mud: 34
building = museum: 34
substation = transition: 34
barrier = cable_barrier: 34
two_sided = yes: 34
content = gas: 34
hairdresser = barber: 34
landuse = conservation: 34
shop = electrical: 33
cycleway = sidepath: 33
generator:source = oil: 33
phone = : 33
memorial = stone: 33
communication:amateur_radio:repeater = : 33
railway = service_station: 33
seamark:type = anchorage: 33
vending = gas: 33
landcover = shrubland: 33
historic = wreck: 33
crop = grass: 33
man_made = birdhouse: 33
landuse = winter_sports: 33
seamark:small_craft_facility:category = slipway: 33
sport = long_jump: 33
shop = hifi: 32
manhole = telecom: 32
cycleway:left = opposite_lane: 32
sport = karate: 32
access = students: 32
survey_point:purpose = both: 32
healthcare = centre: 32
museum = art: 32
surface = unhewn_cobblestone: 32
clothes = underwear: 32
amenity = trailer_park: 32
athletics = high_jump: 32
bicycle_road = yes: 32
athletics = triple_jump: 32
cuisine = spanish: 32
sport = martial_arts: 31
maxweightrating = : 31
hazard = contamination: 31
telescope:type = optical: 31
survey_point:datum_aligned = yes: 31
healthcare = blood_donation: 31
club = freemasonry: 31
water = oxbow: 31
waterway = fuel: 31
sport = bmx: 31
man_made = lighthouse: 31
route = railway: 31
historic = milestone: 31
railway = turntable: 31
tourism = chalet: 31
trailblazed = : 31
emergency:* = : 31
amenity = dancing_school: 31
cuisine = german: 31
tower:type = watchtower: 30
office = healthcare: 30
map_type = topo: 30
shop = caravan: 30
generator:type = reciprocating_engine: 30
craft = tailor: 30
motorboat = yes: 30
mountain_pass = yes: 30
seamark:buoy_special_purpose:colour_pattern = horizontal: 30
man_made = observatory: 30
craft = painter: 30
seamark:beacon_special_purpose:colour = white: 30
seamark:fog_signal:category = horn: 30
man_made = adit: 30
social_facility:for = disabled: 29
building:part = column: 29
seamark:beacon_special_purpose:category = warning: 29
amenity = sanitary_dump_station: 29
capital = 6: 29
shop = video: 29
shop = doors: 29
shop = religion: 29
bicycle = use_sidepath: 29
line_attachment = pin: 29
survey_point:structure = medallion: 29
inscription = : 29
maxspeed = 49_mph: 29
traffic_sign = variable_message: 29
leisure = sauna: 28
area:highway = steps: 28
surface = turf: 28
government = healthcare: 28
shop = bathroom_furnishing: 28
building = manufacture: 28
man_made = clearcut: 28
traffic_sign = US:R1-2: 28
amenity = hitching_post: 28
man_made = guy_wire: 28
landuse = greenery: 28
plant = : 28
cuisine = fish_and_chips: 28
office = union: 27
shop = fishing: 27
cuisine = brazilian: 27
ship = : 27
maxspeed = 35: 27
sport = handball: 27
smoking = yes: 27
foot = official: 27
shop = motorcycle_repair: 27
roundtrip = yes: 27
amenity = coworking_space: 27
man_made = bunker_silo: 27
place = county: 27
sport = skiing: 27
seamark:wreck:category = dangerous: 27
railway = owner_change: 27
office = water_utility: 27
craft = confectionery: 27
artwork_type = graffiti: 27
information = sign: 26
power = outlet: 26
man_made = windpump: 26
athletics = steeplechase: 26
generator:source = hydro: 26
historic = wayside_cross: 26
research = aerospace: 26
access = agricultural: 26
amenity = biergarten: 26
bridge:movable = bascule: 26
admin_level = 11: 26
maxspeed = 17_mph: 26
vehicle = destination: 26
memorial = stele: 26
shop = candles: 26
artwork_type = mosaic: 25
memorial = ghost_bike: 25
collection_times:signed = no: 25
generator:source = biogas: 25
railway = halt: 25
healthcare:speciality = surgery: 25
maxstay = : 25
vending = electronics: 25
shop = gas: 25
bridge = trestle: 25
bunker_type = personnel_shelter: 25
junction = jughandle: 25
amenity = language_school: 25
athletics = javelin_throw: 25
usage = gathering: 25
plant:source = oil: 25
amenity = hookah_lounge: 25
historic = cemetery: 25
climbing = crag: 25
cuisine = aa: 25
emergency = emergency_ward_entrance: 24
military_service = air_force: 24
maxspeed = 10: 24
railway = defect_detector: 24
amenity = food_sharing: 24
tactile_paving = partial: 24
service = bus: 24
healthcare:speciality = radiology: 24
industrial = trucking: 24
healthcare:speciality = community: 24
type = site: 24
construction = office: 24
amenity = boat_storage: 24
healthcare:speciality = orthopaedics: 24
house = semi-detached: 24
crossing:whistle = wayside: 24
shop = estate_agent: 24
covered = colonnade: 24
craft = stonemason: 24
shop = leather: 23
books = comic: 23
ruins:* = : 23
amenity = mortuary: 23
leisure = swimming_area: 23
industrial = concrete_plant: 23
access = restricted: 23
amenity = music_venue: 23
community_centre = parish_hall: 23
office = logistics: 23
shop = sewing: 23
area:aeroway = runway: 23
aeroway = tower: 22
amenity = water_point: 22
bridge:structure = humpback: 22
shop = scuba_diving: 22
craft = locksmith: 22
bridge:movable = swing: 22
location = bridge: 22
shop = pottery: 22
highway = road: 22
amenity = smoking_area: 22
healthcare:speciality = oncology: 22
craft = carpenter: 22
aerospace:product = robot: 22
waterway = boatyard: 22
cuisine = crepe: 22
industrial = grinding_mill: 22
path = sidewalk: 22
shop = agrarian: 22
parking:both = half_on_kerb: 22
healthcare = podiatrist: 22
oneway:psv = no: 22
traffic_sign = hazard: 22
seamark:topmark:colour = white: 22
man_made = video_wall: 22
inlet = grate: 22
baby_hatch = yes: 22
seamark:type = restricted_area: 22
maxspeed = 55: 22
surface = chipseal: 22
building = allotment_house: 22
abandoned:landuse = landfill: 21
landuse = fairground: 21
community_centre = youth_centre: 21
substance = rainwater: 21
cycleway = proposed: 21
office = graphic_design: 21
hazard = children: 21
waterway = sanitary_dump_station: 21
religion = sikh: 21
parking:condition:left = : 21
aerialway = zip_line: 21
cuisine = turkish: 21
building = ger: 21
shop = plant_hire: 21
dog = : 21
maxspeed = 7_mph: 21
dock = drydock: 21
denomination = reformed: 21
parking = layby: 21
social_facility = equine_assisted_centre: 21
man_made = ventilation_shaft: 21
cuisine = fish: 21
military = training_area: 21
bicycle = discouraged: 21
seamark:restricted_area:restriction = no_anchoring: 21
hazard = falling_rocks: 21
craft = distillery: 21
government = aerospace: 21
plant:source = battery: 20
maxspeed = 105_mph: 20
destination:symbol = : 20
car = : 20
railway = ventilation_shaft: 20
craft = watchmaker: 20
seamark:beacon_special_purpose:shape = pile: 20
denomination = jodo_shinshu: 20
theatre:type = open_air: 20
leisure = hackerspace: 20
wires = quad: 20
street_vendor = yes: 20
playground = balancebeam: 20
amenity = library_dropoff: 20
aeroway = threshold: 20
bridge:structure = simple-suspension: 20
industrial = quarry: 20
historic = battlefield: 20
transformer = yes: 20
cycleway:left = opposite_track: 20
waterway = check_dam: 20
content = wastewater: 20
building = riding_hall: 20
roof:shape = mansard: 20
power = connection: 20
construction = primary_link: 20
entrance = entrance: 19
government = education: 19
wall = flood_wall: 19
site = parking: 19
location = rooftop: 19
amenity = stage: 19
amenity = planetarium: 19
switch = disconnector: 19
historic = road: 19
shop = anime: 19
smoking = : 19
office = university: 19
industrial = metal_processing: 19
camp_site = standard: 19
man_made = drinking_fountain: 19
generator:source = diesel: 19
amenity = crematorium: 19
destination:colour = : 19
club = social: 19
healthcare:speciality = cardiology: 19
building = semi: 19
building = abandoned: 19
amenity = polling_station: 19
seamark:mooring:category = bollard: 19
vehicle = forestry: 18
fountain = drinking: 18
embankment = : 18
shop = baby_goods: 18
amenity = spa: 18
religion = multifaith: 18
usage = headrace: 18
highway = planned: 18
amenity = karaoke_box: 18
climbing = boulder: 18
barrier = kissing_gate: 18
vending = water: 18
shelter_type = field_shelter: 18
roof:shape = hipped-and-gabled: 18
cuisine = tea: 18
bunker_type = munitions: 18
crop = strawberry: 18
name = Jollibee: 18
leisure = social_club: 18
generator:source = coal: 18
bench = : 18
military = naval_base: 18
office = foundation: 18
railway:signal:main = : 18
amenity = chair: 18
waste = cigarettes: 18
barrier = debris: 18
clothes = motorcycle: 17
healthcare = audiologist: 17
shop = hobby: 17
clothes = sports: 17
addr:street = : 17
oneway = alternating: 17
protect_class = 21: 17
shop = camera: 17
lit = automatic: 17
highway = traffic_mirror: 17
seamark:beacon_special_purpose:shape = tower: 17
school = entrance: 17
tourism = aquarium: 17
service = fuel: 17
place = farm: 17
shop = skate: 17
amenity = locker: 17
religion = scientologist: 17
4wd_only = yes: 17
playground = climbingwall: 17
power = insulator: 17
historic = wayside_shrine: 17
sport = roller_skating: 17
industrial = communication: 17
lgbtq = : 17
amenity = car_pooling: 17
cycleway = opposite_lane: 17
crossing:continuous = yes: 17
generator:method = water-storage: 17
pump = powered: 17
tower:type = radar: 17
highway = via_ferrata: 17
shop = snack: 16
sport = kickboxing: 16
railway = platform_edge: 16
entrance = gate: 16
generator:method = thermal: 16
playground = trampoline: 16
shop = printing: 16
brand = Harley-Davidson: 16
cycle_barrier = : 16
sport = crossfit: 16
amenity = mailroom: 16
flag:type = organisation: 16
place = city_block: 16
training = art: 16
shop = shopping_centre: 16
historic = castle: 16
seamark:small_craft_facility:category = chandler: 16
crop = yes: 16
garden:type = arboretum: 16
zoo = safari_park: 16
building = gatehouse: 16
motor_vehicle = agricultural: 16
seamark:buoy_special_purpose:colour = yellow: 16
content = salt: 16
historic = church: 16
aerodrome:type = airfield: 16
historic = city_gate: 16
seamark:small_craft_facility:category = fuel_station: 16
healthcare = sample_collection: 16
healthcare:speciality = internal: 16
industrial = aerospace: 16
historic = railway_car: 16
historic = farm: 16
seamark:type = light_minor: 16
education = centre: 15
protected_area = recreation: 15
plant:source = nuclear: 15
sport = ice_hockey: 15
seamark:type = berth: 15
seamark:fog_signal:category = bell: 15
craft = jeweller: 15
waterway = floating_barrier: 15
bridge:movable = drawbridge: 15
plant:method = fission: 15
maxspeed = 19_mph: 15
seamark:type = navigation_line: 15
bicycle_parking = wide_stands: 15
natural = tree_stump: 15
aerialway = magic_carpet: 15
man_made = fuel_pump: 15
man_made = gasometer: 15
roof:shape = cone: 15
street_cabinet = postal_service: 15
man_made = pumping_rig: 15
landuse = highway: 15
man_made = sign: 15
landuse = yes: 15
craft = printer: 15
damage:event = : 15
busway = opposite_lane: 15
tower:type = clock: 15
amenity = social_club: 15
school:gender = mixed: 15
service = aircraft_control: 15
seamark:landmark:category = tower: 14
dog = designated: 14
aerospace:product = rocket: 14
tunnel = flooded: 14
townhall:type = town: 14
memorial = : 14
class:bicycle = : 14
craft = sawmill: 14
industrial = asphalt_plant: 14
fitness_station = sit-up: 14
waterway = : 14
emergency = landing_site: 14
seamark:light:visibility = unintensified: 14
sport = football: 14
highway = disused: 14
sport = surfing: 14
amenity = clubhouse: 14
trees = apple_trees: 14
seamark:buoy_special_purpose:shape = pillar: 14
seamark:beacon_special_purpose:category = leading: 14
memorial = obelisk: 14
maxspeed = 50: 14
access = forestry: 14
cuisine = hotpot: 14
shop = spices: 14
seamark:buoy_special_purpose:category = warning: 14
plant:source = waste: 14
healthcare:speciality = gynaecology: 14
amenity = grit_bin: 14
traffic_sign = US:D3-1: 14
memorial = sculpture: 13
fenced = yes: 13
sport = pelota: 13
bridge:support = pylon: 13
sport = climbing_adventure: 13
cycleway = link: 13
amenity = driver_training: 13
office = travel_agent: 13
office = energy_supplier: 13
lottery = yes: 13
bunker_type = pillbox: 13
historic = tank: 13
man_made = nesting_site: 13
shop = trophy: 13
swimming_pool = yes: 13
tower:type = diving: 13
repair = yes: 13
sport = barre: 13
healthcare = hospice: 13
public_transport = no: 13
office = medical: 13
craft = photographic_laboratory: 13
baseball = softball: 13
windings:auto = yes: 13
product = food: 13
leisure = trampoline_park: 13
residential = irregular_settlement: 13
toilets:access = yes: 13
maxspeed = 8: 13
seamark:beacon_special_purpose:colour = yellow: 13
shop = fireplace: 13
seamark:buoy_special_purpose:colour = white: 13
amenity = give_box: 13
plant:source = biogas: 13
foot = : 13
hazard = roundabout: 13
man_made = geoglyph: 13
crop = wheat: 13
barrier = hampshire_gate: 13
craft = bakery: 13
aerodrome:type = regional: 13
sport = gaga: 13
amenity = animal_training: 13
guest_house = bed_and_breakfast: 12
shop = ski: 12
barrier = : 12
guidepost = hiking: 12
sport = shot-put: 12
clothes = workwear: 12
seamark:light:colour = yellow: 12
building = cathedral: 12
generator:type = solar_thermal_collector: 12
beacon:type = VORTAC: 12
golf:course = driving_range: 12
ice_cream = yes: 12
route = foot: 12
flag:type = religious: 12
sport = fencing: 12
highway = abandoned: 12
shop = printer_ink: 12
leisure = tanning_salon: 12
memorial = bench: 12
healthcare:speciality = fertility: 12
construction = trunk: 12
shop = outpost: 12
industrial = auto_wrecker: 12
wetland = fen: 12
community_centre = community_hall: 12
emergency = fire_hose: 12
waterway = flowline: 12
water_source = water_tank: 12
tower:construction = dome: 12
playground = horizontal_bar: 12
health_facility:type = office: 12
theme = irish: 12
fixme = verify_name: 12
shop = cheese: 12
bridge:support = abutment: 12
bridge:movable = lift: 12
office = administrative: 12
climbing = route_bottom: 12
athletics = hammer_throw: 12
industrial = recycling: 12
charging_station = : 12
museum = nature: 12
landuse = apiary: 12
station = monorail: 12
amenity = public_bath: 12
clothes = swimwear: 11
product = steel: 11
boundary = water_protection_area: 11
industrial = steel_mill: 11
information = tactile_map: 11
man_made = beehive: 11
post_office = : 11
seamark:wreck:category = hull_showing: 11
shop = wigs: 11
fixme = Position_estimated: 11
traffic_sign = US:W12-2: 11
sport = roller_hockey: 11
board_type = geology: 11
wall = no: 11
amenity = photo_booth: 11
roof:shape = side_hipped: 11
shop = radiotechnics: 11
industrial = logistics: 11
maxspeed = 60: 11
landuse = observatory: 11
industrial = storage: 11
craft = key_cutter: 11
content = silage: 11
office = guide: 11
memorial = blue_plaque: 11
wetland = bog: 11
sport = trampoline: 11
healthcare = speech_therapist: 11
man_made = spring_box: 11
busway = : 11
memorial:subject = : 11
waterway = wadi: 11
memorial = bust: 11
amenity = reception_desk: 11
place = isolated_dwelling: 11
shop = glaziery: 11
club = sailing: 11
tower:type = cooling: 11
maxweight = : 11
surface = hard: 11
geological = palaeontological_site: 11
waterway = rapids: 10
seamark:type = virtual_aton: 10
shop = tool_hire: 10
emergency = fire_service_inlet: 10
cycleway:left = share_busway: 10
water = ditch: 10
seamark:type = fog_signal: 10
religion = bahai: 10
vending = ice_cubes: 10
path = desire: 10
government = ministry: 10
red_turn = : 10
barrier:personnel = yes: 10
power = switchgear: 10
line_arrangement = horizontal: 10
piste:type = nordic: 10
natural = landform: 10
shelter_type = lean_to: 10
building = cowshed: 10
denomination = conservative: 10
width = : 10
war_memorial = yes: 10
traffic_sign = US:W10-1,US:W10-9P: 10
landuse = depot: 10
office = physician: 10
bunker_type = bomb_shelter: 10
artwork_type = land_art: 10
usage = transportation: 10
outdoor_seating = terrace: 10
boundary = urban: 10
seamark:obstruction:category = boom: 10
seamark:buoy_lateral:colour_pattern = horizontal: 10
diplomatic:services = : 10
boules = petanque: 10
museum = military: 10
amenity = flight_school: 10
construction = tram: 10
goods = yes: 10
resource = gravel: 10
artwork_type = stone: 10
highway = escape: 10
building = brewery: 10
craft = pest_control: 10
office = transport: 10
historic:railway = station: 10
water = intermittent: 10
covered = arcade: 9
barrier = bump_gate: 9
boat = : 9
man_made = chiller: 9
maxspeed = 59_mph: 9
water = reflecting_pool: 9
generator:source = biomass: 9
building = barracks: 9
substation = converter: 9
flag:type = governmental: 9
advertising = screen: 9
dispensing = no: 9
aeroway = fuel: 9
access = license: 9
museum = open_air: 9
service = dealer: 9
topmark = : 9
police = checkpoint: 9
sport = hockey: 9
plant = tree: 9
information = stele: 9
man_made = spoil_heap: 9
hazard = landslide: 9
cuisine = pakistani: 9
craft = handicraft: 9
generator:type = francis_turbine: 9
shop = pest_control: 9
barrier = barrier_board: 9
craft = fence_maker: 9
cuisine = steak: 9
museum = local: 9
utility = street_lighting: 9
school:gender = male: 9
natural = landslide: 9
sport = rowing: 9
demolished = yes: 9
historic = mine: 9
sport = sailing: 9
industrial = electrical: 9
healthcare:speciality = behavior: 9
sport = dance: 9
fountain = bottle_refill: 9
crop = soy: 9
club = scout: 9
craft = clockmaker: 9
maxspeed = 95_mph: 9
vehicle = permit: 9
building = sports_hall: 9
amenity = hunting_stand: 9
seamark:type = recommended_track: 9
amenity = dormitory: 9
seamark:type = dry_dock: 9
vending = ice_cream: 9
shop = ice_cream: 9
man_made = quay: 9
amenity = office: 9
sport = croquet: 9
shop = truck_repair: 9
product = electronics: 9
traffic_calming = mini_bumps: 9
playground = zipwire: 8
post_office = post_partner: 8
communication:amateur_radio = : 8
barrier = horse_stile: 8
natural = earth_bank: 8
area:highway = trunk_link: 8
building = monastery: 8
seamark:type = beacon_safe_water: 8
religion = caodaism: 8
maxspeed = 80_mph: 8
seamark:type = tank: 8
government = tax: 8
seamark:small_craft_facility:category = pump-out: 8
fire_hydrant:type = pipe: 8
leisure = maze: 8
seamark:small_craft_facility:category = boat_hoist: 8
recreation_ground = showground: 8
network = lwn: 8
model = : 8
maxspeed = 20: 8
attraction = boat_ride: 8
maxspeed = 120_mph: 8
industrial = winery: 8
attraction = train: 8
building = corridor: 8
clothes = fashion: 8
sport = skating: 8
wall = stone_wall: 8
craft = atelier: 8
office = interior_design: 8
sport = rugby_union: 8
industrial = sawmill: 8
man_made = watermill: 8
highway = emergency_access_point: 8
disused:landuse = landfill: 8
amenity = fish_cleaning: 8
resource = sand: 8
shop = brewing_supplies: 8
shop = surf: 8
operational_status = closed: 8
public_transport = : 8
barrier = full-height_turnstile: 8
craft = cabinet_maker: 8
military_service = marines: 8
waterway = spillway: 8
denomination = evangelical_lutheran: 8
parking:both = separate: 8
defensive_works = battery: 8
landuse = traffic_island: 8
passing_places = yes: 8
industrial = brewery: 8
cuisine = tapas: 8
school:gender = female: 8
beacon:type = ILS: 8
leisure = bird_hide: 8
man_made = dolphin: 8
board_type = board: 8
amenity = traffic_park: 8
boundary = marker: 8
denomination = la_luz_del_mundo: 7
castle_type = fortress: 7
traffic_sign = US:W11-3: 7
surface = glass: 7
seamark:type = notice: 7
government = emergency: 7
area:aeroway = taxiway: 7
historic = artifact: 7
museum = railway: 7
plant:type = gas_turbine: 7
shop = curtain: 7
abandoned:landuse = quarry: 7
format = squared_stone: 7
shop = water_sports: 7
military = danger_area: 7
plant:source = biomass: 7
waterway = fish_pass: 7
natural = meadow: 7
amenity = device_charging_station: 7
community_centre = cultural_centre: 7
wheelchair:description = : 7
footway = alley: 7
craft = carpet_cleaner: 7
shop = hunting: 7
bunker_type = gun_emplacement: 7
seamark:type = light_major: 7
school = special_education_needs: 7
tourism = trail_riding_station: 7
fire_path = yes: 7
shop = model: 7
fire_hydrant:type = underground: 7
amenity = disused: 7
amenity = dog_toilet: 7
aeroway = airstrip: 7
shop = motorsports: 7
hazard = dangerous_junction: 7
sport = bowling: 7
hazard = dip: 7
building = police: 7
building = porch: 7
noexit = no: 7
seamark:notice:function = restriction: 7
seamark:mooring:category = pile: 7
shop = new_age: 7
construction = pedestrian: 7
amenity = exhibition_centre: 7
amenity = internet_cafe: 7
traffic_calming = choked_island: 7
sport = curling: 7
attraction = big_wheel: 7
bridge:structure = cable-stayed: 7
roof:shape = butterfly: 7
craft = dressmaker: 7
craft = tiler: 7
sport = weightlifting: 7
denomination = mennonite: 7
wall = : 7
amenity = festival_grounds: 7
craft = blacksmith: 7
seamark:buoy_lateral:category = preferred_channel_starboard: 7
craft = beekeeper: 7
shop = food: 7
shop = security: 7
man_made = tailings_pond: 7
man_made = telephone_box: 7
emergency = first_aid_kit: 7
hazard = turn: 7
sport = laser_tag: 7
seamark:type = light_float: 7
amenity = stables: 7
disused:landuse = quarry: 7
disused:railway = station: 7
seamark:landmark:conspicuity = conspicuous: 7
name = Fossil: 7
craft = insulation: 7
barrier = border_control: 7
office = publisher: 7
generator:plant = output: 7
cargo = liquid_bulk: 7
drinking_water = : 7
landuse = harbour: 6
healthcare:speciality = podiatry: 6
office = surveyor: 6
railway = loading_rack: 6
playground = tunnel_tube: 6
traffic_sign = US:W11-2: 6
railway = roundhouse: 6
sport = obstacle_course: 6
barrier = berm: 6
traffic_sign = US:W10-1: 6
motorcycle:* = : 6
amenity = gambling: 6
traffic_sign = US:W12-2a: 6
hazard_type = flood: 6
traffic_sign = US:W3-3: 6
highway = traffic_sign: 6
old_railway_operator = NYC: 6
building = convent: 6
industrial = machine_shop: 6
man_made = torii: 6
aeroway = heliport: 6
description = : 6
industrial = well_cluster: 6
hazard = slippery: 6
seamark:buoy_lateral:category = preferred_channel_port: 6
service = parts: 6
shop = golf: 6
emergency = lifeguard_tower: 6
clothes = vintage: 6
attraction = bumper_car: 6
club = art: 6
content = slurry: 6
museum = aerospace: 6
vending = coffee: 6
cycleway:right = opposite_lane: 6
training = music: 6
seamark:beacon_lateral:shape = pole: 6
amenity = events_centre: 6
seamark:mooring:category = post: 6
amenity = motorcycle_rental: 6
parking_space = pickup: 6
amenity = kitchen: 6
man_made = pillar: 6
product = machinery: 6
man_made = outfall: 6
shop = truck: 6
advertising = flag: 6
healthcare:speciality = emergency: 6
man_made = heap: 6
information = visitor_centre: 6
fire_mains = dry: 6
localizer = yes: 6
generator:solar:tracking = single_axis: 6
sport = aikido: 6
inlet = direct: 6
athletics = cross_country: 6
flag:type = athletic: 6
construction = tertiary_link: 6
cuisine = pie: 6
healthcare:speciality = gastroenterology: 6
club = music: 6
social_facility = soup_kitchen: 6
building:part = balcony: 6
plant:method = run-of-the-river: 6
type = enforcement: 6
government = register_office: 6
tower:type = intake: 6
shop = military_surplus: 6
artwork_type = architecture: 6
route = detour: 6
cuisine = empanada: 6
religion = self-realization_fellowship: 6
aerospace:product = satellite: 6
ladder = yes: 6
area:highway = pedestrian: 6
house = bungalow: 6
tourism = wilderness_hut: 6
seamark:type = cable_overhead: 6
seamark:type = coastguard_station: 6
gauge = narrow: 6
playground = bridge: 6
healthcare:speciality = neurology: 6
amenity = canteen: 6
generator:method = water-pumped-storage: 6
building = military: 6
advertising = wall_painting: 6
drive_through = only: 6
zoo = wildlife_park: 5
locked = : 5
barrier = step: 5
cycleway = opposite: 5
defensive_works = bastion: 5
internet_access = terminal: 5
parking:both = yes: 5
seamark:type = dredged_area: 5
sport = diving: 5
denomination = orthodox_presbyterian_church: 5
depth = : 5
bicycle = customers: 5
cuisine = grill: 5
seamark:type = buoy_isolated_danger: 5
abandoned:railway = station: 5
plant:method = thermal: 5
blind:description = : 5
cuisine = cake: 5
cuisine = brunch: 5
disused:amenity = fountain: 5
dog = outside: 5
office = tutoring: 5
industrial = wellsite: 5
industrial = mine: 5
police = car_pound: 5
sport = rugby: 5
shop = window_tinting: 5
office = harbour_master: 5
barrier = bar: 5
office = forestry: 5
crop = hay: 5
attraction = kiddie_ride: 5
office = airline: 5
emergency = suction_point: 5
crane:type = gantry_crane: 5
crane:type = floor-mounted_crane: 5
protected_area = national_park: 5
no:* = : 5
public_transport = stop_area: 5
substation = compensation: 5
artwork_type = relief: 5
aerialway = drag_lift: 5
natural = gorge: 5
company = construction: 5
generator:method = anaerobic_digestion: 5
generator:source = battery: 5
amenity = trade_school: 5
craft = joiner: 5
shop = piercing: 5
generator:source = waste: 5
seamark:light:character = Iso: 5
company = robot: 5
water_source = water_works: 5
takeaway:* = : 5
craft = embroiderer: 5
building = digester: 5
amenity = payment_centre: 5
medical_system:western = yes: 5
amenity = meditation_centre: 5
maxwidth = : 5
climbing = route: 5
religion = taoist: 5
historic = anchor: 5
amenity = lockers: 5
shop = household_linen: 5
maxspeed = 5: 5
seamark:landmark:category = chimney: 5
hazard = ground_clearance: 5
trade = timber: 5
shop = groundskeeping: 5
seamark:fog_signal:category = whistle: 5
building = proposed: 5
building = quonset_hut: 5
lifeguard = base: 5
traffic_sign = US:MD:M1-5: 5
traffic_sign = US:R5-1: 5
couplings = : 5
health_specialty:* = : 5
shop = fuel: 5
shop = frozen_food: 5
cooling:method = air_cooling: 5
seamark:cable_overhead:category = transmission: 5
traffic_sign = US:W3-1: 5
healthcare = occupational_therapist: 5
vending = elongated_coin: 5
shop = esoteric: 5
training = language: 5
shop = dairy: 5
seamark:buoy_special_purpose:shape = conical: 5
amenity = dive_centre: 5
school:* = : 5
healthcare:speciality = microbiology: 5
amenity = bike_parking: 5
man_made = clarifier: 5
man_made = cairn: 5
seamark:beacon_lateral:shape = tower: 5
seamark:buoy_isolated_danger:shape = pillar: 5
healthcare:speciality = physiatry: 5
piste:type = hike: 4
craft = chimney_sweeper: 4
shop = building_materials: 4
barrier = sump_buster: 4
seamark:beacon_lateral:colour_pattern = horizontal: 4
sport = canoe: 4
seamark:beacon_special_purpose:shape = lattice: 4
seamark:beacon_special_purpose:colour = red: 4
barrier = sally_port: 4
seamark:beacon_special_purpose:colour = black: 4
place = region: 4
usage = tailrace: 4
amenity = concert_hall: 4
office = courier: 4
construction = secondary_link: 4
seamark:buoy_safe_water:colour_pattern = vertical: 4
beacon:type = TACAN: 4
denomination = nichiren: 4
seamark:buoy_safe_water:shape = pillar: 4
man_made = cooling_tower: 4
denotation = cluster: 4
seamark:type = buoy_safe_water: 4
social_facility = ambulatory_care: 4
building:part = corridor: 4
ruined:* = : 4
wikipedia = : 4
bicycle_parking = safe_loops: 4
plant:method = water-storage: 4
healthcare:speciality = endocrinology: 4
healthcare:speciality = dental_oral_maxillo_facial_surgery: 4
vending = chemist: 4
seamark:type = separation_boundary: 4
sport = judo: 4
landmark = statue: 4
healthcare:speciality = child_psychiatry: 4
oneway:bicycle = -1: 4
barrier = city_wall: 4
direction = clockwise: 4
community_centre = club_home: 4
car = yes: 4
building = tech_cab: 4
healthcare:speciality = allergology: 4
seamark:topmark:colour_pattern = horizontal: 4
amenity = financial_advice: 4
sport = paddle_tennis: 4
boundary = historic: 4
sport = padel: 4
cash_withdrawal = : 4
shop = fashion: 4
roof:shape = gabled_height_moved: 4
office = private_investigator: 4
police = range: 4
bridge = cantilever: 4
traffic_sign = US:W14-2: 4
landuse = logging: 4
healthcare:speciality = vascular_surgery: 4
barrier = barricade: 4
waterway = water_point: 4
line_management = cross: 4
industrial = food_processing: 4
amenity = archive: 4
sport = squash: 4
heritage = 10: 4
shop = garden_furniture: 4
traffic_sign = US:S1-1: 4
private = members: 4
industrial = food_industry: 4
industrial = construction_company: 4
marker = aerial: 4
reservation = : 4
nonsquare = yes: 4
aeroway = model_runway: 4
charge = : 4
leisure = shooting_ground: 4
massage = thai: 4
athletics = sprint: 4
aeroway = arresting_gear: 4
crane:type = tower_crane: 4
hazard = flood: 4
hunting = no: 4
bridge:support = lift_pier: 4
historic = stone: 4
building = pagoda: 4
harbour = yes: 4
pump = manual: 4
pump = no: 4
piste:type = sled: 4
natural = gully: 4
craft = saddler: 4
aerialway = gondola: 4
generator:method = fission: 4
aerospace:product = spacecraft_propulsion: 4
historic = aqueduct: 4
archaeological_site = petroglyph: 4
shop = safety_equipment: 4
religion = shinto: 4
natural = anthill: 4
leisure = picnic: 4
amenity = lounge: 4
company = logistics: 4
meadow = paddock: 4
water = fishpond: 4
musical_instrument = : 4
leisure = beach_resort: 4
seamark:light:character = Oc: 4
generator:source = nuclear: 4
water = rapids: 4
healthcare:speciality = otolaryngology: 4
railway = traverser: 4
military = obstacle_course: 4
tomb = crypt: 4
shop = pasta: 4
generator:type = PWR: 4
mooring = commercial: 4
amenity = shoe_shine: 4
telescope:type = radio: 4
motor_vehicle = delivery: 4
historic = locomotive: 4
craft = carpet_layer: 4
seamark:light:character = Mo: 4
admin_level = 2: 3
shop = motorcycle_parts: 3
glideslope = yes: 3
golf:course = pitch_and_putt: 3
amenity = rv_storage: 3
telecom = line: 3
amenity = ski_school: 3
motorcycle:clothes = yes: 3
historic = machine: 3
leisure = events: 3
railway = workshop: 3
monument = statue: 3
military_service = : 3
building = conservatory: 3
building = collapsed: 3
amenity = printer: 3
government = chamber_of_commerce: 3
museum = aviation: 3
museum = children: 3
craft = interior_decorator: 3
government = customs: 3
memorial = vehicle: 3
clothes = uniforms: 3
memorial = cross: 3
leisure = hammock: 3
amenity = luggage_locker: 3
craft = paver: 3
amenity = yes: 3
railway = lubricator: 3
animal = horse_walker: 3
tower:type = bridge: 3
aquaculture = fish: 3
religion = spiritualist: 3
archaeological_site = fortification: 3
shop = insurance: 3
building = bell_tower: 3
archaeological_site = settlement: 3
tower:type = defensive: 3
company = distribution: 3
surface = cement: 3
tower:type = hose: 3
craft = restoration: 3
government = prosecutor: 3
leisure = practice_pitch: 3
radio_transponder:category = aeronautical: 3
natural = peninsula: 3
flat_steps = yes: 3
shop = honey: 3
craft = boatbuilder: 3
aerialway = cable_car: 3
hazard = bump: 3
fishing = licence: 3
seamark:landmark:category = dome: 3
network = US:US: 3
historic = vehicle: 3
seamark:shoreline_construction:category = breakwater: 3
provided_for:* = : 3
hazard = electricity: 3
craft = welder: 3
indoormark = beacon: 3
industrial = brickyard: 3
farmyard = stockyard: 3
waste = organic: 3
hazard = ice: 3
traffic_calming = painted_island: 3
heritage = 9: 3
shop = tractor: 3
office = adoption_agency: 3
shop = trailer: 3
sport = water_ski: 3
product = packaging: 3
waterway = sluice_gate: 3
product = concrete: 3
building = railway: 3
vending = toys: 3
building = disused: 3
traffic_sign = US:W10-5,US:W10-5P: 3
emergency = first_aid: 3
emergency = dry_riser_inlet: 3
man_made = wildlife_crossing: 3
office = geodesist: 3
crop = sunflower: 3
crossing = pavement: 3
landuse = radio: 3
crossing = stop: 3
sport = scuba_diving: 3
company = transport: 3
reusable_packaging = : 3
traffic_sign = US:W14-1: 3
seamark:small_craft_facility:category = visitor_berth: 3
roof:shape = equal_hipped: 3
sport = rc_car: 3
office = parish: 3
short_name = : 3
sport = polo: 3
line_management = straight: 3
healthcare = nutrition_counselling: 3
healthcare = vaccination_centre: 3
club = motorcycle: 3
content = crop: 3
lit:perceived = poor: 3
police = academy: 3
sport = netball: 3
healthcare:speciality = abortion: 3
information = tactile_model: 3
roof:shape = pitched: 3
sport = kitesurfing: 3
training = sport: 3
consulate = honorary_consul: 3
man_made = pump: 3
information = trail_blaze: 3
shop = discount: 3
trees = almond_trees: 3
cuisine = dumpling: 3
building = undefined: 3
diplomatic = embassy: 3
outdoor_seating = : 3
barrier = delineators: 3
shop = bbq: 3
building = wayside_shrine: 3
landmark = memorial_plaque: 3
healthcare:speciality = geriatrics: 3
healthcare:speciality = intensive: 3
sanitary_dump_station = : 3
seamark:type = platform: 3
seamark:buoy_special_purpose:category = no_entry: 3
seamark:type = pipeline_submarine: 3
canoe = put_in: 3
inlet = screen: 3
beacon:type = VOR: 3
amenity = convention_centre: 3
beacon:type = NDB: 3
club = student: 3
zoo = aviary: 3
amenity = concession_stand: 3
shop = boat_repair: 3
man_made = bird_perch: 3
seamark:building:function = harbour_master: 3
socket:type2 = : 3
shop = bookmaker: 3
speech_output = : 3
healthcare:speciality = pulmonology: 3
sport = 9pin: 3
cuisine = soup: 3
basin = settling: 3
basin = aeration: 3
cuisine = teahouse: 3
cuisine = waffle: 3
sport = australian_football: 3
shop = hookah: 3
piste:type = skitour: 3
zoo = petting_zoo: 2
motorcycle:tyres = yes: 2
building = marquee: 2
barrier = tree: 2
sport = billards: 2
internet_access = wired: 2
landcover = gravel: 2
landmark = cairn: 2
seamark:type = building: 2
seamark:type = sea_area: 2
seamark:type = separation_lane: 2
industrial = slaughterhouse: 2
barrier = sliding_beam: 2
admin_level = 1: 2
cuisine = sausage: 2
seamark:wreck:category = non-dangerous: 2
club = fishing: 2
advertising = poster_box: 2
landuse = wholesale: 2
social_facility = workshop: 2
industrial = bakery: 2
waterway = flow_control: 2
incline = : 2
cuisine = pastry: 2
social_facility = hospice: 2
seamark:sea_area:category = shoal: 2
waterway = debris_screen: 2
delivery_point = : 2
seamark:radar_transponder:category = racon: 2
leisure = adult_gaming_centre: 2
seamark:radar_reflector = yes: 2
waterway = boat_lift: 2
cuisine = hot_pot: 2
cuisine = gyros: 2
cuisine = dumplings: 2
seamark:light:category = front: 2
historic = highwater_mark: 2
destination:arrow = : 2
plant:type = lithium_ion: 2
service:press = yes: 2
operator = independent: 2
sport = hapkido: 2
diet:kosher = only: 2
leisure = paddling_pool: 2
seamark:landmark:category = spire: 2
waste = sharps: 2
seamark:landmark:category = flagstaff: 2
company = software_development: 2
waste = drugs: 2
leisure = sailing_club: 2
highway = razed: 2
boat:rental = yes: 2
highway = ladder: 2
wall = gabion: 2
seamark:fog_signal:category = gong: 2
disused:railway = halt: 2
shelter_type = wildlife_hide: 2
highway = bus_guideway: 2
office = wedding_planner: 2
shoes = : 2
crossing:whistle = : 2
cemetery = war_cemetery: 2
amenity = animal_breeding: 2
healthcare:speciality = venereology: 2
shop = accessories: 2
healthcare:speciality = urology: 2
office = school: 2
sport = parachuting: 2
amenity = bear_box: 2
police = offices: 2
office = political_party: 2
car = no: 2
brand = KTM: 2
capital = 4: 2
healthcare:speciality = palliative: 2
location = tunnel: 2
amenity = boat_sharing: 2
camp_site = reception: 2
shop = windows: 2
sport = rugby_league: 2
embassy = residence: 2
police = yes: 2
logistics = aerospace: 2
crossing = unknown: 2
logistics = spaceflight: 2
cafe = board_game: 2
usage = test: 2
irrigated = yes: 2
power = terminal: 2
crop = no: 2
construction = road: 2
seamark:beacon_lateral:category = preferred_channel_starboard: 2
seamark:beacon_lateral:category = preferred_channel_port: 2
shop = christmas: 2
office = cooperative: 2
construction = steps: 2
construction = track: 2
emergency = lifeguard_base: 2
office = camping: 2
healthcare:speciality = implantology: 2
type = label: 2
emergency = shower: 2
man_made = foundation: 2
route = road: 2
product = rice: 2
emergency = standpipe: 2
man_made = lamp: 2
sport = wrestling: 2
route = canoe: 2
crane:type = travel_lift: 2
state = alternate: 2
station = funicular: 2
building = transformer_tower: 2
not:name = : 2
shop = tortilla: 2
man_made = paifang: 2
building = townhall: 2
healthcare:speciality = blood_check: 2
stile = stepover: 2
stop = : 2
roof:shape = onion: 2
training = computer: 2
consulate = yes: 2
content = drinking_water: 2
healthcare = midwife: 2
healthcare = medical_imaging: 2
network = lhn: 2
network = lcn: 2
building = shrine: 2
roof:shape = crosspitched: 2
man_made = water_tank: 2
resource = coal: 2
craft = agricultural_engines: 2
fire_sprinkler = yes: 2
natural = tree_group: 2
health_amenity:* = : 2
bridge:support = pivot_pier: 2
natural = shoal: 2
amenity = foot_shower: 2
shop = souvenir: 2
flood_mark = plaque: 2
substation = measurement: 2
craft = basket_maker: 2
natural = plateau: 2
marker = ground: 2
amenity = harbourmaster: 2
shop = gun: 2
natural = land: 2
trade = metal: 2
hazard = flooding: 2
natural = dune: 2
townhall:type = village: 2
rental = event: 2
surface = carpet: 2
shop = shed: 2
rental = boat: 2
tower:type = pagoda: 2
tower:type = monument: 2
tower:type = monitoring: 2
religion = zoroastrian: 2
natural = arch: 2
craft = print_shop: 2
religion = voodoo: 2
archaeological_site = church: 2
shop = hvac: 2
shop = hydroponics: 2
craft = photovoltaic: 2
barrier = wicket_gate: 2
animal = school: 2
club = veterans: 2
government = it: 2
generator:method = run-of-the-river: 2
religion = jain: 2
amenity = microwave: 2
craft = car_painter: 2
surface = metal_grid: 2
memorial = cenotaph: 2
tourism = spa_resort: 2
generator:source = biofuel: 2
shop = leatherworking: 2
religion = confucian: 2
surface = rocks: 2
building = lighthouse: 2
shop = lottery: 2
craft = car_repair: 2
shop = marine: 2
building = hall_of_residence: 2
tourism = alpine_hut: 2
government = archive: 2
shop = photo_studio: 2
tomb = sarcophagus: 2
tomb = pyramid: 2
amenity = ticket_booth: 2
building = gurdwara: 2
amenity = retirement_home: 2
theatre:type = opera_house: 2
real_ale = yes: 2
survey_point:purpose = horizontal: 2
generator:type = pelton_turbine: 2
survey_point:structure = block: 2
telecom = distribution_point: 2
survey_point:structure = pin: 2
survey_point:structure = plaque: 2
generator:type = lithium_ion: 2
amenity = surf_school: 2
generator:type = combined_cycle: 2
craft = bookbinder: 2
office = call_centre: 1
motorcycle:type = scooter: 1
motorcycle:type = : 1
motorcycle:repair = yes: 1
motorcycle:parts = yes: 1
craft = engraver: 1
craft = elevator: 1
railway = wash: 1
telecom = antenna: 1
shop = office_supplies: 1
craft = glassblower: 1
amenity = shop: 1
building = demountable: 1
telecom = service_device: 1
telecom = street_cabinet: 1
telecom:medium = coaxial: 1
telecom:medium = copper: 1
shop = no: 1
survey_point:structure = beacon: 1
craft = door_construction: 1
amenity = security_booth: 1
museum = agriculture: 1
building = changing_rooms: 1
building = funeral_hall: 1
amenity = scooter_rental: 1
red_turn:right = : 1
red_turn:straight = : 1
amenity = swingerclub: 1
refitted = yes: 1
amenity = rehearsal_studio: 1
shop = mobile_home: 1
religion = chinese_folk: 1
amenity = television: 1
military = school: 1
tomb = obelisk: 1
amenity = tool_library: 1
craft = information_electronics: 1
tomb = vault: 1
craft = laboratory: 1
museum = person: 1
amenity = proposed: 1
museum = technology: 1
surface = soil: 1
military = launchpad: 1
amenity = po_box: 1
government = building_control: 1
amenity = place_of_mourning: 1
museum = transport: 1
amenity = piano: 1
military = ammunition: 1
craft = musical_instrument: 1
government = culture: 1
name = Domino's_Pizza: 1
message = funding: 1
amenity = veterinary_pharmacy: 1
amenity = washing_machine: 1
name = NHS: 1
craft = optician: 1
amenity = workshop: 1
surface = ice: 1
mechanical_driver = combustion_engine: 1
tourism = wine_cellar: 1
mechanical_coupling = nodding_donkey: 1
amenity = yacht_club: 1
shop = pyrotechnics: 1
shop = laundromat: 1
shop = knives: 1
railway = loading_ramp: 1
animal_shelter:sanctuary = yes: 1
amenity = lost_property_office: 1
shop = junk_yard: 1
government = justice: 1
anthropogenic = yes: 1
government = legislative: 1
craft = plasterer: 1
maxspeed = no: 1
shop = scooter: 1
railway = fuel: 1
guidepost = : 1
tower:type = minaret: 1
natural = arete: 1
craft = printmaker: 1
maxspeed = 6_mph: 1
railway = crossing_box: 1
natural = butte: 1
rental = clothes: 1
garden:type = monastery: 1
hazard = cyclists: 1
shop = health: 1
natural = col: 1
rental = skip: 1
amenity = kick-scooter_rental: 1
amenity = kick-scooter_parking: 1
building = bakehouse: 1
amenity = juice_bar: 1
rental = trailer: 1
craft = sculptor: 1
building = presbytery: 1
trade = wood: 1
amenity = jobcentre: 1
shop = haberdashery: 1
hazard = pedestrians: 1
amenity = hydrant: 1
hazard = road_narrows: 1
amenity = hotel: 1
hazard = roadworks: 1
hazard = washout: 1
natural = mesa: 1
shop = golf_cart: 1
pump_mechanism = piston: 1
marker = stone: 1
marker = plate: 1
natural = plant: 1
floor:material = wood: 1
shop = glass: 1
pump = : 1
shop = street_vendor: 1
residential = duplex: 1
traffic_sign = US:R5-1a: 1
fire_service_inlet = wall: 1
traffic_sign = US:W1-7: 1
map_type = toposcope: 1
health_service:* = : 1
fire_mains = yes: 1
building = roundhouse: 1
building = security_booth: 1
healthcare = birthing_centre: 1
navigationaid = vasi: 1
network = US:MD: 1
craft = sewing: 1
content = manure: 1
craft = sun_protection: 1
bridge:structure = floating: 1
traffic_sign = give_way: 1
healthcare = nurse: 1
shop = firearms: 1
building = sty: 1
man_made = stupa: 1
amenity = first_aid: 1
street_cabinet = water_management: 1
street_cabinet = water: 1
shop = equestrian: 1
shop = energy: 1
training = bicycle: 1
shop = tools: 1
training = driving: 1
faculty = aerospace: 1
healthcare:speciality = biology: 1
shop = duty_free: 1
roof:shape = round_gabled: 1
statue = virgin: 1
statue = equestrian: 1
statue = animal: 1
man_made = offshore_platform: 1
observatory:type = astronomical: 1
route = bus: 1
healthcare:speciality = diagnostic_radiology: 1
crematorium = pet: 1
sport = windsurfing: 1
man_made = kiln: 1
sport = water_polo: 1
man_made = insect_hotel: 1
man_made = guy: 1
product = furniture: 1
man_made = footwear_decontamination: 1
amenity = customs: 1
route_ref = : 1
amenity = crypt: 1
healthcare:speciality = haematology: 1
type = building: 1
man_made = dovecote: 1
switch = mechanical: 1
crop = coffee: 1
healthcare:speciality = infectious_diseases: 1
sport = table_soccer: 1
attraction = summer_toboggan: 1
unsigned = yes: 1
shop = cleaning_supplies: 1
man_made = composting_plant: 1
crop = hop: 1
man_made = campanile: 1
sport = speedway: 1
atv = : 1
seamark:type = light: 1
shop = chandler: 1
healthcare:speciality = neurosurgery: 1
bridge = simple_brunnel: 1
bridge = log_bridge: 1
healthcare:speciality = nuclear: 1
emergency = disaster_response: 1
healthcare:speciality = occupational: 1
amenity = carwash: 1
lunch:* = : 1
shop = wellness: 1
shop = window: 1
office = natural_gas_utility: 1
construction = living_street: 1
embassy = branch_embassy: 1
office = occupational_safety: 1
vehicle = agricultural: 1
vehicle = customers: 1
shop = wool: 1
healthcare:speciality = pathology: 1
camp_site = serviced: 1
compensator = shunt_reactor: 1
brand = Moto_Guzzi: 1
loc_name = : 1
vending = bread: 1
sport = pole_dance: 1
seamark:buoy_special_purpose:shape = spar: 1
vending = coin_change_machine: 1
office = rental: 1
vending = eggs: 1
lit:perceived = good: 1
seamark:buoy_special_purpose:shape = spherical: 1
amenity = audiologist: 1
vending = feminine_hygiene: 1
healthcare:speciality = stomatology: 1
police = helicopter_unit: 1
seamark:cable_overhead:category = power: 1
castle_type = stately: 1
boundary = hazard: 1
shop = 3d_printing: 1
drive_through:* = : 1
office = translator: 1
books = textbook: 1
office = visa: 1
heritage = 3: 1
volcano = : 1
volcano:status = extinct: 1
seamark:fog_signal:category = diaphone: 1
hgv = discouraged: 1
boat:type = sailing: 1
wall = castle_wall: 1
dock = : 1
boat:type = kayak: 1
liaison = liaison_office: 1
leisure = wildlife_hide: 1
direction = up: 1
highway = emergency_bay: 1
direction = down: 1
aeroway = control_center: 1
leisure = sunbathing: 1
signal_station = weather: 1
church:type = rectoral: 1
seamark:gate:category = caisson: 1
waste = ash: 1
playground = teenshelter: 1
leisure = red_light_district: 1
playground = sledding: 1
cuisine = curry: 1
barrier = coupure: 1
diplomatic = liaison: 1
highway:category = : 1
shelter_type = basic_hut: 1
shelter_type = Wetterpilz: 1
seamark:landmark:category = mast: 1
barrier = curb: 1
climbing = route_top: 1
blind = : 1
leisure = music_venue: 1
historic = folly: 1
water = lock: 1
destroyed = yes: 1
sport = gaelic_games: 1
seamark:landmark:function = church: 1
seamark:light:category = floodlight: 1
aerodrome:type = private: 1
service = tyres: 1
outlet = direct: 1
historic = mine_shaft: 1
water_source = groundwater: 1
historic = pillory: 1
water_source = pond: 1
leisure = club: 1
seamark:light:category = rear: 1
leisure = bingo_hall: 1
waterway = access_point: 1
seamark:light:colour = amber: 1
parking = on_kerb: 1
leisure = axe_throwing: 1
place_of_worship = musalla: 1
club = automobile: 1
cuisine = pancake: 1
denomination = ismaili: 1
sport = dog_racing: 1
club = baduk: 1
historic = tower: 1
sport = dog_agility: 1
sells = : 1
waterway = fairway: 1
sport = darts: 1
club = bicycle: 1
waterway = floodgate: 1
defensive_works = ravelin: 1
barrier = motorcycle_barrier: 1
cycling = pump_track: 1
waterway = link: 1
cycleway:right = opposite_track: 1
landuse = wasteland: 1
club = chess: 1
landuse = shrubs: 1
club = computer: 1
place = state: 1
seamark:small_craft_facility:category = launderette: 1
seamark:small_craft_facility:category = laundrette: 1
club = hunting: 1
club = model_railway: 1
path = trail: 1
sport = cliff_diving: 1
industrial = furniture: 1
addr:state = PA: 1
landuse = public_works: 1
seamark:small_craft_facility:category = toilets: 1
addr:city = : 1
community_centre = meeting_room: 1
landuse = healthcare: 1
bath:type = thermal: 1
seamark:topmark:colour = yellow: 1
seamark:type = signal_station_warning: 1
seamark:type = separation_line: 1
inlet = bell_mouth: 1
payment:notes = : 1
pipeline = marker: 1
landmark = large_rock: 1
pipeline = surge_tank: 1
landmark = flagpole: 1
whitewater = put_in: 1
bath:type = onsen: 1
seamark:type = rescue_station: 1
piste:type = connection: 1
landcover = flowerbed: 1
seamark:type = pilot_boarding: 1
insurance = health: 1
abandoned:amenity = prison: 1
club = youth_movement: 1
club = youth: 1
bath:type = hot_spring: 1
zoo = falconry: 1
club = tourism: 1
place = district: 1
seamark:beacon_lateral:shape = perch: 1
